id,title,description,link,image_link,price,availability,condition,brand,item_group_id,google_product_category
"bosque_portao_penumbra","Pyxie • Portão das Fadas Decaídas (Pixel Art & RPG)","Portões góticos de ferro batido cercados por névoa lilás e corvos silenciosos. A entrada do reino esquecido. Explore o Bosque da Penumbra, negocie com espíritos de personalidades Atlus e desvende mistérios no bot Pyxie para Discord.","http://pyxie.duckdns.org/wiki","http://pyxie.duckdns.org/assets/locations/portao_penumbra.png","0.00 BRL","in stock","new","Pyxie","cenarios_bosque","Arts & Entertainment > Hobbies & Creative Arts > Collectibles"
"bosque_cemiterio_espinhos","Pyxie • Cemitério dos Cravos Roxos (Pixel Art & RPG)","Lápides antigas tomadas por trepadeiras espinhosas e cravos arroxeados. O vento sussurra versos melancólicos. Explore o Bosque da Penumbra, negocie com espíritos de personalidades Atlus e desvende mistérios no bot Pyxie para Discord.","http://pyxie.duckdns.org/wiki","http://pyxie.duckdns.org/assets/locations/cemiterio_espinhos.png","0.00 BRL","in stock","new","Pyxie","cenarios_bosque","Arts & Entertainment > Hobbies & Creative Arts > Collectibles"
"bosque_floresta_sussurros","Pyxie • Floresta dos Sussurros (Pixel Art & RPG)","Árvores retorcidas e cogumelos luminescentes que brilham em ciano e roxo. Ecos de guitarras distantes preenchem o ar. Explore o Bosque da Penumbra, negocie com espíritos de personalidades Atlus e desvende mistérios no bot Pyxie para Discord.","http://pyxie.duckdns.org/wiki","http://pyxie.duckdns.org/assets/locations/floresta_sussurros.png","0.00 BRL","in stock","new","Pyxie","cenarios_bosque","Arts & Entertainment > Hobbies & Creative Arts > Collectibles"
"bosque_pantano_lagrimas","Pyxie • Pântano das Lágrimas Secas (Pixel Art & RPG)","Águas escuras e imóveis sob salgueiros chorões. Fogo-fátuos púrpuras dançam na superfície lodosa. Explore o Bosque da Penumbra, negocie com espíritos de personalidades Atlus e desvende mistérios no bot Pyxie para Discord.","http://pyxie.duckdns.org/wiki","http://pyxie.duckdns.org/assets/locations/pantano_lagrimas.png","0.00 BRL","in stock","new","Pyxie","cenarios_bosque","Arts & Entertainment > Hobbies & Creative Arts > Collectibles"
"bosque_mausoleu_ancestral","Pyxie • Mausoléu da Melancolia (Pixel Art & RPG)","Salão gótico sagrado de pedra escura com vitrais violeta e um sarcófago esculpido. Velas gotejam cera roxa. Explore o Bosque da Penumbra, negocie com espíritos de personalidades Atlus e desvende mistérios no bot Pyxie para Discord.","http://pyxie.duckdns.org/wiki","http://pyxie.duckdns.org/assets/locations/mausoleu_ancestral.png","0.00 BRL","in stock","new","Pyxie","cenarios_bosque","Arts & Entertainment > Hobbies & Creative Arts > Collectibles"
"bosque_biblioteca_esquecida","Pyxie • Biblioteca dos Manuscritos (Pixel Art & RPG)","Estantes intermináveis repletas de tratados ocultistas, grimórios esquecidos e pergaminhos poeirentos iluminados por orbes flutuantes. Explore o Bosque da Penumbra, negocie com espíritos de personalidades Atlus e desvende mistérios no bot Pyxie para Discord.","http://pyxie.duckdns.org/wiki","http://pyxie.duckdns.org/assets/locations/biblioteca_esquecida.png","0.00 BRL","in stock","new","Pyxie","cenarios_bosque","Arts & Entertainment > Hobbies & Creative Arts > Collectibles"
"bosque_ponte_abismo","Pyxie • Ponte dos Suspiros (Pixel Art & RPG)","Arco monumental de pedra sobre um abismo profundo e sem fundo. Ventos cortantes uivam melodias esquecidas. Explore o Bosque da Penumbra, negocie com espíritos de personalidades Atlus e desvende mistérios no bot Pyxie para Discord.","http://pyxie.duckdns.org/wiki","http://pyxie.duckdns.org/assets/locations/ponte_abismo.png","0.00 BRL","in stock","new","Pyxie","cenarios_bosque","Arts & Entertainment > Hobbies & Creative Arts > Collectibles"
"bosque_catacumba_sangue_roxo","Pyxie • Catacumbas do Sangue Púrpura (Pixel Art & RPG)","Cripta subterrânea iluminada por cristais roxos e veios luminescentes. O ar vibra com energia proibida e pura melancolia. Explore o Bosque da Penumbra, negocie com espíritos de personalidades Atlus e desvende mistérios no bot Pyxie para Discord.","http://pyxie.duckdns.org/wiki","http://pyxie.duckdns.org/assets/locations/catacumba_sangue_roxo.png","0.00 BRL","in stock","new","Pyxie","cenarios_bosque","Arts & Entertainment > Hobbies & Creative Arts > Collectibles"
"bosque_jardim_fadas_negras","Pyxie • Jardim das Rosas de Vidro (Pixel Art & RPG)","Santuário secreto repleto de rosas translúcidas de cristal escuro ao redor de uma fonte de fada com águas púrpuras. Explore o Bosque da Penumbra, negocie com espíritos de personalidades Atlus e desvende mistérios no bot Pyxie para Discord.","http://pyxie.duckdns.org/wiki","http://pyxie.duckdns.org/assets/locations/jardim_fadas_negras.png","0.00 BRL","in stock","new","Pyxie","cenarios_bosque","Arts & Entertainment > Hobbies & Creative Arts > Collectibles"
"bosque_santuario_touca_preta","Pyxie • Santuário Secreto de Pyxie (Pixel Art & RPG)","O trono de obsidiana da Fadinha Emo. Caldeirão místico de fusão borbulha fumaça violeta enquanto velas negras queimam. Explore o Bosque da Penumbra, negocie com espíritos de personalidades Atlus e desvende mistérios no bot Pyxie para Discord.","http://pyxie.duckdns.org/wiki","http://pyxie.duckdns.org/assets/locations/santuario_touca_preta.png","0.00 BRL","in stock","new","Pyxie","cenarios_bosque","Arts & Entertainment > Hobbies & Creative Arts > Collectibles"
"tarot_card_1","Tarot da Pyxie • O LOUCO (Arcanos Maiores)","Carta nº 1 do Baralho Oficial dos 78 Arcanos da Pyxie. Significado divinatório: Aja antes de ter medo. É o momento de abrir seu destino e desafiar-se com autoconfiança e espírito livre.. Consulte sua tiragem diária no Discord.","http://pyxie.duckdns.org/","http://pyxie.duckdns.org/assets/tarot/cards/card_01.jpg","0.00 BRL","in stock","new","Pyxie Tarot","tarot_deck","Arts & Entertainment > Hobbies & Creative Arts > Collectibles"
"tarot_card_2","Tarot da Pyxie • O MAGO (Arcanos Maiores)","Carta nº 2 do Baralho Oficial dos 78 Arcanos da Pyxie. Significado divinatório: Hora de demonstrar sua originalidade. Você tem todas as ferramentas e o poder de transformar o ambiente ao seu redor.. Consulte sua tiragem diária no Discord.","http://pyxie.duckdns.org/","http://pyxie.duckdns.org/assets/tarot/cards/card_02.jpg","0.00 BRL","in stock","new","Pyxie Tarot","tarot_deck","Arts & Entertainment > Hobbies & Creative Arts > Collectibles"
"tarot_card_3","Tarot da Pyxie • A SACERDOTISA (Arcanos Maiores)","Carta nº 3 do Baralho Oficial dos 78 Arcanos da Pyxie. Significado divinatório: Escute sua intuição mais profunda e observe os segredos que ainda não foram revelados aos olhos comuns.. Consulte sua tiragem diária no Discord.","http://pyxie.duckdns.org/","http://pyxie.duckdns.org/assets/tarot/cards/card_03.jpg","0.00 BRL","in stock","new","Pyxie Tarot","tarot_deck","Arts & Entertainment > Hobbies & Creative Arts > Collectibles"
"tarot_card_4","Tarot da Pyxie • A IMPERATRIZ (Arcanos Maiores)","Carta nº 4 do Baralho Oficial dos 78 Arcanos da Pyxie. Significado divinatório: Cultive o que importa com amor. Seus projetos e afetos florescem quando recebem cuidado, presença e dedicação.. Consulte sua tiragem diária no Discord.","http://pyxie.duckdns.org/","http://pyxie.duckdns.org/assets/tarot/cards/card_04.jpg","0.00 BRL","in stock","new","Pyxie Tarot","tarot_deck","Arts & Entertainment > Hobbies & Creative Arts > Collectibles"
"tarot_card_5","Tarot da Pyxie • O IMPERADOR (Arcanos Maiores)","Carta nº 5 do Baralho Oficial dos 78 Arcanos da Pyxie. Significado divinatório: Organize seus recursos e assuma a liderança com firmeza, protegendo suas bases e mantendo a estabilidade.. Consulte sua tiragem diária no Discord.","http://pyxie.duckdns.org/","http://pyxie.duckdns.org/assets/tarot/cards/card_05.jpg","0.00 BRL","in stock","new","Pyxie Tarot","tarot_deck","Arts & Entertainment > Hobbies & Creative Arts > Collectibles"
"tarot_card_6","Tarot da Pyxie • O HIEROFANTE (Arcanos Maiores)","Carta nº 6 do Baralho Oficial dos 78 Arcanos da Pyxie. Significado divinatório: Busque conhecimento em fontes sábias e encontre apoio sólido em seus valores e princípios fundamentais.. Consulte sua tiragem diária no Discord.","http://pyxie.duckdns.org/","http://pyxie.duckdns.org/assets/tarot/cards/card_06.jpg","0.00 BRL","in stock","new","Pyxie Tarot","tarot_deck","Arts & Entertainment > Hobbies & Creative Arts > Collectibles"
"tarot_card_7","Tarot da Pyxie • OS NAMORADOS (Arcanos Maiores)","Carta nº 7 do Baralho Oficial dos 78 Arcanos da Pyxie. Significado divinatório: Harmonia completa no ar. Siga seu coração e cultive conexões verdadeiras que iluminam o seu caminho.. Consulte sua tiragem diária no Discord.","http://pyxie.duckdns.org/","http://pyxie.duckdns.org/assets/tarot/cards/card_07.jpg","0.00 BRL","in stock","new","Pyxie Tarot","tarot_deck","Arts & Entertainment > Hobbies & Creative Arts > Collectibles"
"tarot_card_8","Tarot da Pyxie • A CARRUAGEM (Arcanos Maiores)","Carta nº 8 do Baralho Oficial dos 78 Arcanos da Pyxie. Significado divinatório: Avance com foco e rédeas firmes. Sua disciplina conduzirá até mesmo forças opostas ao triunfo glorioso.. Consulte sua tiragem diária no Discord.","http://pyxie.duckdns.org/","http://pyxie.duckdns.org/assets/tarot/cards/card_08.jpg","0.00 BRL","in stock","new","Pyxie Tarot","tarot_deck","Arts & Entertainment > Hobbies & Creative Arts > Collectibles"
"tarot_card_9","Tarot da Pyxie • A FORÇA (Arcanos Maiores)","Carta nº 9 do Baralho Oficial dos 78 Arcanos da Pyxie. Significado divinatório: A verdadeira força nasce da serenidade, gentileza e do autocontrole. Domine as feras internas com doçura.. Consulte sua tiragem diária no Discord.","http://pyxie.duckdns.org/","http://pyxie.duckdns.org/assets/tarot/cards/card_09.jpg","0.00 BRL","in stock","new","Pyxie Tarot","tarot_deck","Arts & Entertainment > Hobbies & Creative Arts > Collectibles"
"tarot_card_10","Tarot da Pyxie • O EREMITA (Arcanos Maiores)","Carta nº 10 do Baralho Oficial dos 78 Arcanos da Pyxie. Significado divinatório: Afaste-se do barulho exterior para encontrar a resposta que brilha na lanterna da sua própria alma.. Consulte sua tiragem diária no Discord.","http://pyxie.duckdns.org/","http://pyxie.duckdns.org/assets/tarot/cards/card_10.jpg","0.00 BRL","in stock","new","Pyxie Tarot","tarot_deck","Arts & Entertainment > Hobbies & Creative Arts > Collectibles"
"tarot_card_11","Tarot da Pyxie • RODA DA FORTUNA (Arcanos Maiores)","Carta nº 11 do Baralho Oficial dos 78 Arcanos da Pyxie. Significado divinatório: A maré está virando a seu favor. Abrace o movimento natural da vida e agarre as novas oportunidades.. Consulte sua tiragem diária no Discord.","http://pyxie.duckdns.org/","http://pyxie.duckdns.org/assets/tarot/cards/card_11.jpg","0.00 BRL","in stock","new","Pyxie Tarot","tarot_deck","Arts & Entertainment > Hobbies & Creative Arts > Collectibles"
"tarot_card_12","Tarot da Pyxie • A JUSTIÇA (Arcanos Maiores)","Carta nº 12 do Baralho Oficial dos 78 Arcanos da Pyxie. Significado divinatório: Encare a verdade com integridade e lucidez. Aja com justiça e colha os frutos do equilíbrio ético.. Consulte sua tiragem diária no Discord.","http://pyxie.duckdns.org/","http://pyxie.duckdns.org/assets/tarot/cards/card_12.jpg","0.00 BRL","in stock","new","Pyxie Tarot","tarot_deck","Arts & Entertainment > Hobbies & Creative Arts > Collectibles"
"tarot_card_13","Tarot da Pyxie • O ENFORCADO (Arcanos Maiores)","Carta nº 13 do Baralho Oficial dos 78 Arcanos da Pyxie. Significado divinatório: Faça uma pausa voluntária. Olhar a situação por outro ângulo revelará a solução que antes parecia invisível.. Consulte sua tiragem diária no Discord.","http://pyxie.duckdns.org/","http://pyxie.duckdns.org/assets/tarot/cards/card_13.jpg","0.00 BRL","in stock","new","Pyxie Tarot","tarot_deck","Arts & Entertainment > Hobbies & Creative Arts > Collectibles"
"tarot_card_14","Tarot da Pyxie • A MORTE (Arcanos Maiores)","Carta nº 14 do Baralho Oficial dos 78 Arcanos da Pyxie. Significado divinatório: Um ciclo se encerra definitivamente para abrir espaço ao novo. Acolha a transformação com coragem.. Consulte sua tiragem diária no Discord.","http://pyxie.duckdns.org/","http://pyxie.duckdns.org/assets/tarot/cards/card_14.jpg","0.00 BRL","in stock","new","Pyxie Tarot","tarot_deck","Arts & Entertainment > Hobbies & Creative Arts > Collectibles"
"tarot_card_15","Tarot da Pyxie • A TEMPERANÇA (Arcanos Maiores)","Carta nº 15 do Baralho Oficial dos 78 Arcanos da Pyxie. Significado divinatório: Combine ritmos, ideias e emoções com serenidade. O equilíbrio paciente constrói algo nobre e duradouro.. Consulte sua tiragem diária no Discord.","http://pyxie.duckdns.org/","http://pyxie.duckdns.org/assets/tarot/cards/card_15.jpg","0.00 BRL","in stock","new","Pyxie Tarot","tarot_deck","Arts & Entertainment > Hobbies & Creative Arts > Collectibles"
"tarot_card_16","Tarot da Pyxie • O DIABO (Arcanos Maiores)","Carta nº 16 do Baralho Oficial dos 78 Arcanos da Pyxie. Significado divinatório: Reconheça suas sombras e paixões intensas. Identifique as amarras que você mesmo pode desatar.. Consulte sua tiragem diária no Discord.","http://pyxie.duckdns.org/","http://pyxie.duckdns.org/assets/tarot/cards/card_16.jpg","0.00 BRL","in stock","new","Pyxie Tarot","tarot_deck","Arts & Entertainment > Hobbies & Creative Arts > Collectibles"
"tarot_card_17","Tarot da Pyxie • A TORRE (Arcanos Maiores)","Carta nº 17 do Baralho Oficial dos 78 Arcanos da Pyxie. Significado divinatório: Estruturas frágeis caem subitamente para revelar a verdade. A tempestade limpa o terreno para bases reais.. Consulte sua tiragem diária no Discord.","http://pyxie.duckdns.org/","http://pyxie.duckdns.org/assets/tarot/cards/card_17.jpg","0.00 BRL","in stock","new","Pyxie Tarot","tarot_deck","Arts & Entertainment > Hobbies & Creative Arts > Collectibles"
"tarot_card_18","Tarot da Pyxie • A ESTRELA (Arcanos Maiores)","Carta nº 18 do Baralho Oficial dos 78 Arcanos da Pyxie. Significado divinatório: A serenidade retorna com um sopro de esperança e renovação. Confie no seu brilho e no futuro promissor.. Consulte sua tiragem diária no Discord.","http://pyxie.duckdns.org/","http://pyxie.duckdns.org/assets/tarot/cards/card_18.jpg","0.00 BRL","in stock","new","Pyxie Tarot","tarot_deck","Arts & Entertainment > Hobbies & Creative Arts > Collectibles"
"tarot_card_19","Tarot da Pyxie • A LUA (Arcanos Maiores)","Carta nº 19 do Baralho Oficial dos 78 Arcanos da Pyxie. Significado divinatório: Nem tudo é o que parece. Navegue pelas águas misteriosas da mente confiando no instinto, mas sem ilusões.. Consulte sua tiragem diária no Discord.","http://pyxie.duckdns.org/","http://pyxie.duckdns.org/assets/tarot/cards/card_19.jpg","0.00 BRL","in stock","new","Pyxie Tarot","tarot_deck","Arts & Entertainment > Hobbies & Creative Arts > Collectibles"
"tarot_card_20","Tarot da Pyxie • O SOL (Arcanos Maiores)","Carta nº 20 do Baralho Oficial dos 78 Arcanos da Pyxie. Significado divinatório: Luz, calor e realização radiante. Celebre suas vitórias e compartilhe seu entusiasmo contagiante.. Consulte sua tiragem diária no Discord.","http://pyxie.duckdns.org/","http://pyxie.duckdns.org/assets/tarot/cards/card_20.jpg","0.00 BRL","in stock","new","Pyxie Tarot","tarot_deck","Arts & Entertainment > Hobbies & Creative Arts > Collectibles"
"tarot_card_21","Tarot da Pyxie • O JULGAMENTO (Arcanos Maiores)","Carta nº 21 do Baralho Oficial dos 78 Arcanos da Pyxie. Significado divinatório: Ouça o chamado para uma nova vida. Perdoe o passado, aprenda as lições e ressurja com consciência plena.. Consulte sua tiragem diária no Discord.","http://pyxie.duckdns.org/","http://pyxie.duckdns.org/assets/tarot/cards/card_21.jpg","0.00 BRL","in stock","new","Pyxie Tarot","tarot_deck","Arts & Entertainment > Hobbies & Creative Arts > Collectibles"
"tarot_card_22","Tarot da Pyxie • O MUNDO (Arcanos Maiores)","Carta nº 22 do Baralho Oficial dos 78 Arcanos da Pyxie. Significado divinatório: Ciclo completo e sucesso absoluto. Sinta a plenitude da jornada percorrida e celebre sua evolução.. Consulte sua tiragem diária no Discord.","http://pyxie.duckdns.org/","http://pyxie.duckdns.org/assets/tarot/cards/card_22.jpg","0.00 BRL","in stock","new","Pyxie Tarot","tarot_deck","Arts & Entertainment > Hobbies & Creative Arts > Collectibles"
"tarot_card_23","Tarot da Pyxie • ÁS DE PAUS (Naipe de Paus)","Carta nº 23 do Baralho Oficial dos 78 Arcanos da Pyxie. Significado divinatório: Uma faísca criativa acende grandes paixões. Comece o seu novo projeto com ousadia e garra.. Consulte sua tiragem diária no Discord.","http://pyxie.duckdns.org/","http://pyxie.duckdns.org/assets/tarot/cards/card_23.jpg","0.00 BRL","in stock","new","Pyxie Tarot","tarot_deck","Arts & Entertainment > Hobbies & Creative Arts > Collectibles"
"tarot_card_24","Tarot da Pyxie • DOIS DE PAUS (Naipe de Paus)","Carta nº 24 do Baralho Oficial dos 78 Arcanos da Pyxie. Significado divinatório: O mundo está em suas mãos. Planeje o próximo passo com visão estratégica e ambição saudável.. Consulte sua tiragem diária no Discord.","http://pyxie.duckdns.org/","http://pyxie.duckdns.org/assets/tarot/cards/card_24.jpg","0.00 BRL","in stock","new","Pyxie Tarot","tarot_deck","Arts & Entertainment > Hobbies & Creative Arts > Collectibles"
"tarot_card_25","Tarot da Pyxie • TRÊS DE PAUS (Naipe de Paus)","Carta nº 25 do Baralho Oficial dos 78 Arcanos da Pyxie. Significado divinatório: Seus navios estão a caminho com boas notícias. Mantenha o olhar firme no horizonte e celebre o avanço.. Consulte sua tiragem diária no Discord.","http://pyxie.duckdns.org/","http://pyxie.duckdns.org/assets/tarot/cards/card_25.jpg","0.00 BRL","in stock","new","Pyxie Tarot","tarot_deck","Arts & Entertainment > Hobbies & Creative Arts > Collectibles"
"tarot_card_26","Tarot da Pyxie • QUATRO DE PAUS (Naipe de Paus)","Carta nº 26 do Baralho Oficial dos 78 Arcanos da Pyxie. Significado divinatório: Motivos para comemorar em família ou com amigos queridos. Desfrute da paz e segurança conquistadas.. Consulte sua tiragem diária no Discord.","http://pyxie.duckdns.org/","http://pyxie.duckdns.org/assets/tarot/cards/card_26.jpg","0.00 BRL","in stock","new","Pyxie Tarot","tarot_deck","Arts & Entertainment > Hobbies & Creative Arts > Collectibles"
"tarot_card_27","Tarot da Pyxie • CINCO DE PAUS (Naipe de Paus)","Carta nº 27 do Baralho Oficial dos 78 Arcanos da Pyxie. Significado divinatório: Disputas acirradas e troca de ideias estimulantes. Use o atrito para refinar seus pontos fortes.. Consulte sua tiragem diária no Discord.","http://pyxie.duckdns.org/","http://pyxie.duckdns.org/assets/tarot/cards/card_27.jpg","0.00 BRL","in stock","new","Pyxie Tarot","tarot_deck","Arts & Entertainment > Hobbies & Creative Arts > Collectibles"
"tarot_card_28","Tarot da Pyxie • SEIS DE PAUS (Naipe de Paus)","Carta nº 28 do Baralho Oficial dos 78 Arcanos da Pyxie. Significado divinatório: Triunfo público e aplausos merecidos. Receba o reconhecimento com dignidade e gratidão aos aliados.. Consulte sua tiragem diária no Discord.","http://pyxie.duckdns.org/","http://pyxie.duckdns.org/assets/tarot/cards/card_28.jpg","0.00 BRL","in stock","new","Pyxie Tarot","tarot_deck","Arts & Entertainment > Hobbies & Creative Arts > Collectibles"
"tarot_card_29","Tarot da Pyxie • SETE DE PAUS (Naipe de Paus)","Carta nº 29 do Baralho Oficial dos 78 Arcanos da Pyxie. Significado divinatório: Defenda sua posição com convicção. Você tem vantagem mesmo quando cercado por desafios.. Consulte sua tiragem diária no Discord.","http://pyxie.duckdns.org/","http://pyxie.duckdns.org/assets/tarot/cards/card_29.jpg","0.00 BRL","in stock","new","Pyxie Tarot","tarot_deck","Arts & Entertainment > Hobbies & Creative Arts > Collectibles"
"tarot_card_30","Tarot da Pyxie • OITO DE PAUS (Naipe de Paus)","Carta nº 30 do Baralho Oficial dos 78 Arcanos da Pyxie. Significado divinatório: Acontecimentos rápidos e mensagens importantes no ar. O fluxo acelera a seu favor, prepare-se!. Consulte sua tiragem diária no Discord.","http://pyxie.duckdns.org/","http://pyxie.duckdns.org/assets/tarot/cards/card_30.jpg","0.00 BRL","in stock","new","Pyxie Tarot","tarot_deck","Arts & Entertainment > Hobbies & Creative Arts > Collectibles"
"tarot_card_31","Tarot da Pyxie • NOVE DE PAUS (Naipe de Paus)","Carta nº 31 do Baralho Oficial dos 78 Arcanos da Pyxie. Significado divinatório: Você está quase na linha de chegada. Mantenha a guarda alta e persista até a vitória final.. Consulte sua tiragem diária no Discord.","http://pyxie.duckdns.org/","http://pyxie.duckdns.org/assets/tarot/cards/card_31.jpg","0.00 BRL","in stock","new","Pyxie Tarot","tarot_deck","Arts & Entertainment > Hobbies & Creative Arts > Collectibles"
"tarot_card_32","Tarot da Pyxie • DEZ DE PAUS (Naipe de Paus)","Carta nº 32 do Baralho Oficial dos 78 Arcanos da Pyxie. Significado divinatório: Muitas responsabilidades pesando nos ombros. Aprenda a delegar e soltar o fardo que não é seu.. Consulte sua tiragem diária no Discord.","http://pyxie.duckdns.org/","http://pyxie.duckdns.org/assets/tarot/cards/card_32.jpg","0.00 BRL","in stock","new","Pyxie Tarot","tarot_deck","Arts & Entertainment > Hobbies & Creative Arts > Collectibles"
"tarot_card_33","Tarot da Pyxie • PAJEM DE PAUS (Naipe de Paus)","Carta nº 33 do Baralho Oficial dos 78 Arcanos da Pyxie. Significado divinatório: Uma notícia inspiradora desperta a vontade de explorar. Experimente novos caminhos com alegria infantil.. Consulte sua tiragem diária no Discord.","http://pyxie.duckdns.org/","http://pyxie.duckdns.org/assets/tarot/cards/card_33.jpg","0.00 BRL","in stock","new","Pyxie Tarot","tarot_deck","Arts & Entertainment > Hobbies & Creative Arts > Collectibles"
"tarot_card_34","Tarot da Pyxie • CAVALEIRO DE PAUS (Naipe de Paus)","Carta nº 34 do Baralho Oficial dos 78 Arcanos da Pyxie. Significado divinatório: Avanço corajoso e apaixonado. Persiga suas metas com intensidade irresistível e foco no objetivo.. Consulte sua tiragem diária no Discord.","http://pyxie.duckdns.org/","http://pyxie.duckdns.org/assets/tarot/cards/card_34.jpg","0.00 BRL","in stock","new","Pyxie Tarot","tarot_deck","Arts & Entertainment > Hobbies & Creative Arts > Collectibles"
"tarot_card_35","Tarot da Pyxie • RAINHA DE PAUS (Naipe de Paus)","Carta nº 35 do Baralho Oficial dos 78 Arcanos da Pyxie. Significado divinatório: Magnetismo radiante e liderança calorosa. Sua confiança natural atrai admiradores e oportunidades.. Consulte sua tiragem diária no Discord.","http://pyxie.duckdns.org/","http://pyxie.duckdns.org/assets/tarot/cards/card_35.jpg","0.00 BRL","in stock","new","Pyxie Tarot","tarot_deck","Arts & Entertainment > Hobbies & Creative Arts > Collectibles"
"tarot_card_36","Tarot da Pyxie • REI DE PAUS (Naipe de Paus)","Carta nº 36 do Baralho Oficial dos 78 Arcanos da Pyxie. Significado divinatório: Lidere com grandeza e transforme grandes ideias em realidade concreta. Seja o exemplo a ser seguido.. Consulte sua tiragem diária no Discord.","http://pyxie.duckdns.org/","http://pyxie.duckdns.org/assets/tarot/cards/card_36.jpg","0.00 BRL","in stock","new","Pyxie Tarot","tarot_deck","Arts & Entertainment > Hobbies & Creative Arts > Collectibles"
"tarot_card_37","Tarot da Pyxie • ÁS DE COPAS (Naipe de Copas)","Carta nº 37 do Baralho Oficial dos 78 Arcanos da Pyxie. Significado divinatório: A taça das emoções transborda afeto, paz e inspiração. Abra o coração para novos sentimentos puros.. Consulte sua tiragem diária no Discord.","http://pyxie.duckdns.org/","http://pyxie.duckdns.org/assets/tarot/cards/card_37.jpg","0.00 BRL","in stock","new","Pyxie Tarot","tarot_deck","Arts & Entertainment > Hobbies & Creative Arts > Collectibles"
"tarot_card_38","Tarot da Pyxie • DOIS DE COPAS (Naipe de Copas)","Carta nº 38 do Baralho Oficial dos 78 Arcanos da Pyxie. Significado divinatório: Conexão de almas e respeito mútuo. Um encontro sincero sela uma aliança harmoniosa e próspera.. Consulte sua tiragem diária no Discord.","http://pyxie.duckdns.org/","http://pyxie.duckdns.org/assets/tarot/cards/card_38.jpg","0.00 BRL","in stock","new","Pyxie Tarot","tarot_deck","Arts & Entertainment > Hobbies & Creative Arts > Collectibles"
"tarot_card_39","Tarot da Pyxie • TRÊS DE COPAS (Naipe de Copas)","Carta nº 39 do Baralho Oficial dos 78 Arcanos da Pyxie. Significado divinatório: Brinde com quem você ama! A amizade verdadeira e a colaboração festiva trazem leveza ao coração.. Consulte sua tiragem diária no Discord.","http://pyxie.duckdns.org/","http://pyxie.duckdns.org/assets/tarot/cards/card_39.jpg","0.00 BRL","in stock","new","Pyxie Tarot","tarot_deck","Arts & Entertainment > Hobbies & Creative Arts > Collectibles"
"tarot_card_40","Tarot da Pyxie • QUATRO DE COPAS (Naipe de Copas)","Carta nº 40 do Baralho Oficial dos 78 Arcanos da Pyxie. Significado divinatório: Olhe ao redor: uma nova oportunidade está sendo oferecida, mas seu desânimo pode impedi-lo de ver.. Consulte sua tiragem diária no Discord.","http://pyxie.duckdns.org/","http://pyxie.duckdns.org/assets/tarot/cards/card_40.jpg","0.00 BRL","in stock","new","Pyxie Tarot","tarot_deck","Arts & Entertainment > Hobbies & Creative Arts > Collectibles"
"tarot_card_41","Tarot da Pyxie • CINCO DE COPAS (Naipe de Copas)","Carta nº 41 do Baralho Oficial dos 78 Arcanos da Pyxie. Significado divinatório: Não chore apenas pelas taças derramadas; há duas taças intactas bem atrás de você esperando seu olhar.. Consulte sua tiragem diária no Discord.","http://pyxie.duckdns.org/","http://pyxie.duckdns.org/assets/tarot/cards/card_41.jpg","0.00 BRL","in stock","new","Pyxie Tarot","tarot_deck","Arts & Entertainment > Hobbies & Creative Arts > Collectibles"
"tarot_card_42","Tarot da Pyxie • SEIS DE COPAS (Naipe de Copas)","Carta nº 42 do Baralho Oficial dos 78 Arcanos da Pyxie. Significado divinatório: Lembranças doces do passado aquecem a alma. Conecte-se com a pureza e a ternura das suas raízes.. Consulte sua tiragem diária no Discord.","http://pyxie.duckdns.org/","http://pyxie.duckdns.org/assets/tarot/cards/card_42.jpg","0.00 BRL","in stock","new","Pyxie Tarot","tarot_deck","Arts & Entertainment > Hobbies & Creative Arts > Collectibles"
"tarot_card_43","Tarot da Pyxie • SETE DE COPAS (Naipe de Copas)","Carta nº 43 do Baralho Oficial dos 78 Arcanos da Pyxie. Significado divinatório: Muitos castelos no ar e opções sedutoras. Mantenha os pés no chão para escolher o que é real e duradouro.. Consulte sua tiragem diária no Discord.","http://pyxie.duckdns.org/","http://pyxie.duckdns.org/assets/tarot/cards/card_43.jpg","0.00 BRL","in stock","new","Pyxie Tarot","tarot_deck","Arts & Entertainment > Hobbies & Creative Arts > Collectibles"
"tarot_card_44","Tarot da Pyxie • OITO DE COPAS (Naipe de Copas)","Carta nº 44 do Baralho Oficial dos 78 Arcanos da Pyxie. Significado divinatório: Hora de deixar para trás o que já não preenche sua alma. Caminhe rumo a horizontes mais elevados.. Consulte sua tiragem diária no Discord.","http://pyxie.duckdns.org/","http://pyxie.duckdns.org/assets/tarot/cards/card_44.jpg","0.00 BRL","in stock","new","Pyxie Tarot","tarot_deck","Arts & Entertainment > Hobbies & Creative Arts > Collectibles"
"tarot_card_45","Tarot da Pyxie • NOVE DE COPAS (Naipe de Copas)","Carta nº 45 do Baralho Oficial dos 78 Arcanos da Pyxie. Significado divinatório: A carta dos desejos realizados! Desfrute da satisfação emocional, conforto e alegria merecida.. Consulte sua tiragem diária no Discord.","http://pyxie.duckdns.org/","http://pyxie.duckdns.org/assets/tarot/cards/card_45.jpg","0.00 BRL","in stock","new","Pyxie Tarot","tarot_deck","Arts & Entertainment > Hobbies & Creative Arts > Collectibles"
"tarot_card_46","Tarot da Pyxie • DEZ DE COPAS (Naipe de Copas)","Carta nº 46 do Baralho Oficial dos 78 Arcanos da Pyxie. Significado divinatório: Plenitude e bem-estar no lar. Amor compartilhado e um arco-íris de bênçãos para você e os seus.. Consulte sua tiragem diária no Discord.","http://pyxie.duckdns.org/","http://pyxie.duckdns.org/assets/tarot/cards/card_46.jpg","0.00 BRL","in stock","new","Pyxie Tarot","tarot_deck","Arts & Entertainment > Hobbies & Creative Arts > Collectibles"
"tarot_card_47","Tarot da Pyxie • PAJEM DE COPAS (Naipe de Copas)","Carta nº 47 do Baralho Oficial dos 78 Arcanos da Pyxie. Significado divinatório: Uma doce mensagem de afeto ou faísca poética. Deixe a imaginação sonhadora guiar seu coração.. Consulte sua tiragem diária no Discord.","http://pyxie.duckdns.org/","http://pyxie.duckdns.org/assets/tarot/cards/card_47.jpg","0.00 BRL","in stock","new","Pyxie Tarot","tarot_deck","Arts & Entertainment > Hobbies & Creative Arts > Collectibles"
"tarot_card_48","Tarot da Pyxie • CAVALEIRO DE COPAS (Naipe de Copas)","Carta nº 48 do Baralho Oficial dos 78 Arcanos da Pyxie. Significado divinatório: Um mensageiro do amor traz convites nobres e propostas encantadoras. Siga sua busca poética.. Consulte sua tiragem diária no Discord.","http://pyxie.duckdns.org/","http://pyxie.duckdns.org/assets/tarot/cards/card_48.jpg","0.00 BRL","in stock","new","Pyxie Tarot","tarot_deck","Arts & Entertainment > Hobbies & Creative Arts > Collectibles"
"tarot_card_49","Tarot da Pyxie • RAINHA DE COPAS (Naipe de Copas)","Carta nº 49 do Baralho Oficial dos 78 Arcanos da Pyxie. Significado divinatório: Profunda sabedoria emocional e acolhimento amoroso. Sua compaixão cura quem se aproxima.. Consulte sua tiragem diária no Discord.","http://pyxie.duckdns.org/","http://pyxie.duckdns.org/assets/tarot/cards/card_49.jpg","0.00 BRL","in stock","new","Pyxie Tarot","tarot_deck","Arts & Entertainment > Hobbies & Creative Arts > Collectibles"
"tarot_card_50","Tarot da Pyxie • REI DE COPAS (Naipe de Copas)","Carta nº 50 do Baralho Oficial dos 78 Arcanos da Pyxie. Significado divinatório: Maturidade emocional que acalma tempestades. Lidere com diplomacia, sabedoria e gentileza serena.. Consulte sua tiragem diária no Discord.","http://pyxie.duckdns.org/","http://pyxie.duckdns.org/assets/tarot/cards/card_50.jpg","0.00 BRL","in stock","new","Pyxie Tarot","tarot_deck","Arts & Entertainment > Hobbies & Creative Arts > Collectibles"
"tarot_card_51","Tarot da Pyxie • ÁS DE ESPADAS (Naipe de Espadas)","Carta nº 51 do Baralho Oficial dos 78 Arcanos da Pyxie. Significado divinatório: A espada da verdade corta toda mentira e confusão. Uma ideia brilhante abre caminho para a vitória.. Consulte sua tiragem diária no Discord.","http://pyxie.duckdns.org/","http://pyxie.duckdns.org/assets/tarot/cards/card_51.jpg","0.00 BRL","in stock","new","Pyxie Tarot","tarot_deck","Arts & Entertainment > Hobbies & Creative Arts > Collectibles"
"tarot_card_52","Tarot da Pyxie • DOIS DE ESPADAS (Naipe de Espadas)","Carta nº 52 do Baralho Oficial dos 78 Arcanos da Pyxie. Significado divinatório: Equilíbrio delicado entre duas opções. Tire a venda dos olhos e tome a decisão necessária com calma.. Consulte sua tiragem diária no Discord.","http://pyxie.duckdns.org/","http://pyxie.duckdns.org/assets/tarot/cards/card_52.jpg","0.00 BRL","in stock","new","Pyxie Tarot","tarot_deck","Arts & Entertainment > Hobbies & Creative Arts > Collectibles"
"tarot_card_53","Tarot da Pyxie • TRÊS DE ESPADAS (Naipe de Espadas)","Carta nº 53 do Baralho Oficial dos 78 Arcanos da Pyxie. Significado divinatório: Uma decepção dói, mas dissipa ilusões que te prendiam. Permita-se sentir para iniciar a cura real.. Consulte sua tiragem diária no Discord.","http://pyxie.duckdns.org/","http://pyxie.duckdns.org/assets/tarot/cards/card_53.jpg","0.00 BRL","in stock","new","Pyxie Tarot","tarot_deck","Arts & Entertainment > Hobbies & Creative Arts > Collectibles"
"tarot_card_54","Tarot da Pyxie • QUATRO DE ESPADAS (Naipe de Espadas)","Carta nº 54 do Baralho Oficial dos 78 Arcanos da Pyxie. Significado divinatório: Retire-se da batalha para repousar a mente. O silêncio restaurador renova suas forças vitais.. Consulte sua tiragem diária no Discord.","http://pyxie.duckdns.org/","http://pyxie.duckdns.org/assets/tarot/cards/card_54.jpg","0.00 BRL","in stock","new","Pyxie Tarot","tarot_deck","Arts & Entertainment > Hobbies & Creative Arts > Collectibles"
"tarot_card_55","Tarot da Pyxie • CINCO DE ESPADAS (Naipe de Espadas)","Carta nº 55 do Baralho Oficial dos 78 Arcanos da Pyxie. Significado divinatório: Nem toda vitória vale o preço das relações destruídas. Escolha a paz antes de insistir em ter razão.. Consulte sua tiragem diária no Discord.","http://pyxie.duckdns.org/","http://pyxie.duckdns.org/assets/tarot/cards/card_55.jpg","0.00 BRL","in stock","new","Pyxie Tarot","tarot_deck","Arts & Entertainment > Hobbies & Creative Arts > Collectibles"
"tarot_card_56","Tarot da Pyxie • SEIS DE ESPADAS (Naipe de Espadas)","Carta nº 56 do Baralho Oficial dos 78 Arcanos da Pyxie. Significado divinatório: Travessia para tempos mais tranquilos. Deixe para trás o mar turbulento e rume à bonança.. Consulte sua tiragem diária no Discord.","http://pyxie.duckdns.org/","http://pyxie.duckdns.org/assets/tarot/cards/card_56.jpg","0.00 BRL","in stock","new","Pyxie Tarot","tarot_deck","Arts & Entertainment > Hobbies & Creative Arts > Collectibles"
"tarot_card_57","Tarot da Pyxie • SETE DE ESPADAS (Naipe de Espadas)","Carta nº 57 do Baralho Oficial dos 78 Arcanos da Pyxie. Significado divinatório: Aja com inteligência e discrição. Uma abordagem estratégica resolverá mais do que confronto direto.. Consulte sua tiragem diária no Discord.","http://pyxie.duckdns.org/","http://pyxie.duckdns.org/assets/tarot/cards/card_57.jpg","0.00 BRL","in stock","new","Pyxie Tarot","tarot_deck","Arts & Entertainment > Hobbies & Creative Arts > Collectibles"
"tarot_card_58","Tarot da Pyxie • OITO DE ESPADAS (Naipe de Espadas)","Carta nº 58 do Baralho Oficial dos 78 Arcanos da Pyxie. Significado divinatório: As amarras que te prendem são criadas pelas suas próprias crenças. Dê um passo: você é livre para sair.. Consulte sua tiragem diária no Discord.","http://pyxie.duckdns.org/","http://pyxie.duckdns.org/assets/tarot/cards/card_58.jpg","0.00 BRL","in stock","new","Pyxie Tarot","tarot_deck","Arts & Entertainment > Hobbies & Creative Arts > Collectibles"
"tarot_card_59","Tarot da Pyxie • NOVE DE ESPADAS (Naipe de Espadas)","Carta nº 59 do Baralho Oficial dos 78 Arcanos da Pyxie. Significado divinatório: Noites insones e preocupações infladas pelo medo. Lembre-se: monstros da mente diminuem à luz do dia.. Consulte sua tiragem diária no Discord.","http://pyxie.duckdns.org/","http://pyxie.duckdns.org/assets/tarot/cards/card_59.jpg","0.00 BRL","in stock","new","Pyxie Tarot","tarot_deck","Arts & Entertainment > Hobbies & Creative Arts > Collectibles"
"tarot_card_60","Tarot da Pyxie • DEZ DE ESPADAS (Naipe de Espadas)","Carta nº 60 do Baralho Oficial dos 78 Arcanos da Pyxie. Significado divinatório: O fundo do poço ficou para trás; a dor terminou. Um novo amanhecer já desponta no horizonte.. Consulte sua tiragem diária no Discord.","http://pyxie.duckdns.org/","http://pyxie.duckdns.org/assets/tarot/cards/card_60.jpg","0.00 BRL","in stock","new","Pyxie Tarot","tarot_deck","Arts & Entertainment > Hobbies & Creative Arts > Collectibles"
"tarot_card_61","Tarot da Pyxie • PAJEM DE ESPADAS (Naipe de Espadas)","Carta nº 61 do Baralho Oficial dos 78 Arcanos da Pyxie. Significado divinatório: Mente afiada e atenta a tudo. Use sua sede de conhecimento para aprender e descobrir novas verdades.. Consulte sua tiragem diária no Discord.","http://pyxie.duckdns.org/","http://pyxie.duckdns.org/assets/tarot/cards/card_61.jpg","0.00 BRL","in stock","new","Pyxie Tarot","tarot_deck","Arts & Entertainment > Hobbies & Creative Arts > Collectibles"
"tarot_card_62","Tarot da Pyxie • CAVALEIRO DE ESPADAS (Naipe de Espadas)","Carta nº 62 do Baralho Oficial dos 78 Arcanos da Pyxie. Significado divinatório: Avanço determinado rumo à meta com raciocínio relâmpago. Defenda seus ideais com firmeza.. Consulte sua tiragem diária no Discord.","http://pyxie.duckdns.org/","http://pyxie.duckdns.org/assets/tarot/cards/card_62.jpg","0.00 BRL","in stock","new","Pyxie Tarot","tarot_deck","Arts & Entertainment > Hobbies & Creative Arts > Collectibles"
"tarot_card_63","Tarot da Pyxie • RAINHA DE ESPADAS (Naipe de Espadas)","Carta nº 63 do Baralho Oficial dos 78 Arcanos da Pyxie. Significado divinatório: Clareza mental cristalina e julgamento impecável. Seja justo, objetivo e protetor da sua verdade.. Consulte sua tiragem diária no Discord.","http://pyxie.duckdns.org/","http://pyxie.duckdns.org/assets/tarot/cards/card_63.jpg","0.00 BRL","in stock","new","Pyxie Tarot","tarot_deck","Arts & Entertainment > Hobbies & Creative Arts > Collectibles"
"tarot_card_64","Tarot da Pyxie • REI DE ESPADAS (Naipe de Espadas)","Carta nº 64 do Baralho Oficial dos 78 Arcanos da Pyxie. Significado divinatório: Comando ético e poder de análise extraordinário. Tome decisões embasadas na verdade e no bem maior.. Consulte sua tiragem diária no Discord.","http://pyxie.duckdns.org/","http://pyxie.duckdns.org/assets/tarot/cards/card_64.jpg","0.00 BRL","in stock","new","Pyxie Tarot","tarot_deck","Arts & Entertainment > Hobbies & Creative Arts > Collectibles"
"tarot_card_65","Tarot da Pyxie • ÁS DE OUROS (Naipe de Ouros)","Carta nº 65 do Baralho Oficial dos 78 Arcanos da Pyxie. Significado divinatório: Uma semente dourada cai em suas mãos. Uma oportunidade concreta de prosperidade material se inicia.. Consulte sua tiragem diária no Discord.","http://pyxie.duckdns.org/","http://pyxie.duckdns.org/assets/tarot/cards/card_65.jpg","0.00 BRL","in stock","new","Pyxie Tarot","tarot_deck","Arts & Entertainment > Hobbies & Creative Arts > Collectibles"
"tarot_card_66","Tarot da Pyxie • DOIS DE OUROS (Naipe de Ouros)","Carta nº 66 do Baralho Oficial dos 78 Arcanos da Pyxie. Significado divinatório: Malabarismo habilidoso com suas prioridades e rotina. Adapte-se às mudanças com leveza e bom humor.. Consulte sua tiragem diária no Discord.","http://pyxie.duckdns.org/","http://pyxie.duckdns.org/assets/tarot/cards/card_66.jpg","0.00 BRL","in stock","new","Pyxie Tarot","tarot_deck","Arts & Entertainment > Hobbies & Creative Arts > Collectibles"
"tarot_card_67","Tarot da Pyxie • TRÊS DE OUROS (Naipe de Ouros)","Carta nº 67 do Baralho Oficial dos 78 Arcanos da Pyxie. Significado divinatório: Trabalho em equipe que produz excelência. Suas habilidades técnicas e dedicação são admiradas.. Consulte sua tiragem diária no Discord.","http://pyxie.duckdns.org/","http://pyxie.duckdns.org/assets/tarot/cards/card_67.jpg","0.00 BRL","in stock","new","Pyxie Tarot","tarot_deck","Arts & Entertainment > Hobbies & Creative Arts > Collectibles"
"tarot_card_68","Tarot da Pyxie • QUATRO DE OUROS (Naipe de Ouros)","Carta nº 68 do Baralho Oficial dos 78 Arcanos da Pyxie. Significado divinatório: Bases materiais sólidas e proteção de conquistas. Mantenha a prudência financeira.. Consulte sua tiragem diária no Discord.","http://pyxie.duckdns.org/","http://pyxie.duckdns.org/assets/tarot/cards/card_68.jpg","0.00 BRL","in stock","new","Pyxie Tarot","tarot_deck","Arts & Entertainment > Hobbies & Creative Arts > Collectibles"
"tarot_card_69","Tarot da Pyxie • CINCO DE OUROS (Naipe de Ouros)","Carta nº 69 do Baralho Oficial dos 78 Arcanos da Pyxie. Significado divinatório: Momento de aperto temporário. Olhe para o alto: as portas do santuário estão abertas para te acolher.. Consulte sua tiragem diária no Discord.","http://pyxie.duckdns.org/","http://pyxie.duckdns.org/assets/tarot/cards/card_69.jpg","0.00 BRL","in stock","new","Pyxie Tarot","tarot_deck","Arts & Entertainment > Hobbies & Creative Arts > Collectibles"
"tarot_card_70","Tarot da Pyxie • SEIS DE OUROS (Naipe de Ouros)","Carta nº 70 do Baralho Oficial dos 78 Arcanos da Pyxie. Significado divinatório: Generosidade que enobrece a alma. Dê com alegria e receba com dignidade; o fluxo da abundância flui.. Consulte sua tiragem diária no Discord.","http://pyxie.duckdns.org/","http://pyxie.duckdns.org/assets/tarot/cards/card_70.jpg","0.00 BRL","in stock","new","Pyxie Tarot","tarot_deck","Arts & Entertainment > Hobbies & Creative Arts > Collectibles"
"tarot_card_71","Tarot da Pyxie • SETE DE OUROS (Naipe de Ouros)","Carta nº 71 do Baralho Oficial dos 78 Arcanos da Pyxie. Significado divinatório: Contemple o jardim que você plantou. Os frutos estão crescendo; tenha paciência para a colheita nobre.. Consulte sua tiragem diária no Discord.","http://pyxie.duckdns.org/","http://pyxie.duckdns.org/assets/tarot/cards/card_71.jpg","0.00 BRL","in stock","new","Pyxie Tarot","tarot_deck","Arts & Entertainment > Hobbies & Creative Arts > Collectibles"
"tarot_card_72","Tarot da Pyxie • OITO DE OUROS (Naipe de Ouros)","Carta nº 72 do Baralho Oficial dos 78 Arcanos da Pyxie. Significado divinatório: Foco artesanal e aperfeiçoamento constante. Sua dedicação detalhista te tornará um mestre na sua área.. Consulte sua tiragem diária no Discord.","http://pyxie.duckdns.org/","http://pyxie.duckdns.org/assets/tarot/cards/card_72.jpg","0.00 BRL","in stock","new","Pyxie Tarot","tarot_deck","Arts & Entertainment > Hobbies & Creative Arts > Collectibles"
"tarot_card_73","Tarot da Pyxie • NOVE DE OUROS (Naipe de Ouros)","Carta nº 73 do Baralho Oficial dos 78 Arcanos da Pyxie. Significado divinatório: Independência financeira e desfrute do bom gosto. Você construiu seu próprio paraíso com esforço e mérito.. Consulte sua tiragem diária no Discord.","http://pyxie.duckdns.org/","http://pyxie.duckdns.org/assets/tarot/cards/card_73.jpg","0.00 BRL","in stock","new","Pyxie Tarot","tarot_deck","Arts & Entertainment > Hobbies & Creative Arts > Collectibles"
"tarot_card_74","Tarot da Pyxie • DEZ DE OUROS (Naipe de Ouros)","Carta nº 74 do Baralho Oficial dos 78 Arcanos da Pyxie. Significado divinatório: Segurança geracional, herança abençoada e estabilidade total no lar. O ápice do sucesso material e familiar.. Consulte sua tiragem diária no Discord.","http://pyxie.duckdns.org/","http://pyxie.duckdns.org/assets/tarot/cards/card_74.jpg","0.00 BRL","in stock","new","Pyxie Tarot","tarot_deck","Arts & Entertainment > Hobbies & Creative Arts > Collectibles"
"tarot_card_75","Tarot da Pyxie • PAJEM DE OUROS (Naipe de Ouros)","Carta nº 75 do Baralho Oficial dos 78 Arcanos da Pyxie. Significado divinatório: Um convite de trabalho ou estudo prático. Dedique-se a aprender com disciplina para colher ouro.. Consulte sua tiragem diária no Discord.","http://pyxie.duckdns.org/","http://pyxie.duckdns.org/assets/tarot/cards/card_75.jpg","0.00 BRL","in stock","new","Pyxie Tarot","tarot_deck","Arts & Entertainment > Hobbies & Creative Arts > Collectibles"
"tarot_card_76","Tarot da Pyxie • CAVALEIRO DE OUROS (Naipe de Ouros)","Carta nº 76 do Baralho Oficial dos 78 Arcanos da Pyxie. Significado divinatório: Passo firme e inabalável rumo à meta. Sua confiabilidade e trabalho árduo garantem o sucesso seguro.. Consulte sua tiragem diária no Discord.","http://pyxie.duckdns.org/","http://pyxie.duckdns.org/assets/tarot/cards/card_76.jpg","0.00 BRL","in stock","new","Pyxie Tarot","tarot_deck","Arts & Entertainment > Hobbies & Creative Arts > Collectibles"
"tarot_card_77","Tarot da Pyxie • RAINHA DE OUROS (Naipe de Ouros)","Carta nº 77 do Baralho Oficial dos 78 Arcanos da Pyxie. Significado divinatório: Mão fértil que faz tudo prosperar. Cuide do corpo, dos negócios e do lar com generosidade e sabedoria.. Consulte sua tiragem diária no Discord.","http://pyxie.duckdns.org/","http://pyxie.duckdns.org/assets/tarot/cards/card_77.jpg","0.00 BRL","in stock","new","Pyxie Tarot","tarot_deck","Arts & Entertainment > Hobbies & Creative Arts > Collectibles"
"tarot_card_78","Tarot da Pyxie • REI DE OUROS (Naipe de Ouros)","Carta nº 78 do Baralho Oficial dos 78 Arcanos da Pyxie. Significado divinatório: Império consolidado e autoridade no mundo dos negócios. Desfrute da solidez e proteja suas conquistas.. Consulte sua tiragem diária no Discord.","http://pyxie.duckdns.org/","http://pyxie.duckdns.org/assets/tarot/cards/card_78.jpg","0.00 BRL","in stock","new","Pyxie Tarot","tarot_deck","Arts & Entertainment > Hobbies & Creative Arts > Collectibles"
"pyxie_mascot_art","Pyxie • Mascote Oficial Fada Mágica para Discord","Pyxie é a fada mágica do Discord com RPG do Bosque da Penumbra, Tarot de 78 Arcanos, Economia viva com feijões mágicos e 10 carreiras interativas.","http://pyxie.duckdns.org/","http://pyxie.duckdns.org/assets/pyxie/pyxie_mascot.png","0.00 BRL","in stock","new","Pyxie","artes_oficiais","Software > Digital Goods"
"pyxie_space_banner","Pyxie • Arte Oficial Galáxia & Estrelas","Banner oficial temático da Pyxie para comunidades e servidores do Discord.","http://pyxie.duckdns.org/","http://pyxie.duckdns.org/assets/pyxie/pyxie_space_banner.jpg","0.00 BRL","in stock","new","Pyxie","artes_oficiais","Arts & Entertainment > Hobbies & Creative Arts > Collectibles"
"shopee_23798670825","Boneca Pelúcia Kuromi 25cm Sanrio Original Macia Kawaii (Achadinhos da Pyxie)","🖤 A queridinha dos fãs de Sanrio! Pelúcia oficial da Kuromi super fofinha de 25cm com toque aveludado e detalhes perfeitos. Ideal para presentear, decorar o quarto ou colecionar. Garanta a sua com cupom e frete grátis na Shopee!","https://s.shopee.com.br/1BMdNQEU79","https://down-br.img.susercontent.com/file/br-11134207-7r98o-mbe0k65jvlov9d.jpg","55.99 BRL","in stock","new","Shopee / Pyxie","achadinhos_shopee","Apparel & Accessories"
"shopee_58265449372","Camiseta Hello Kitty & Kuromi Aesthetic Goth Y2K Algodão (Achadinhos da Pyxie)","🎀🖤 O combo perfeito entre a fofura e o estilo dark! Camiseta feminina 100% algodão premium com estampa de alta durabilidade da Hello Kitty e Kuromi. Look indispensável para quem ama moda alternativa, e-girl e Y2K. Compre na Shopee!","https://s.shopee.com.br/1AfzHIvTw","https://down-br.img.susercontent.com/file/sg-11134201-8257t-mrez4efi09vpc3.jpg","34.90 BRL","in stock","new","Shopee / Pyxie","achadinhos_shopee","Apparel & Accessories"
"shopee_54816935616","Rash Guard Hello Kitty & Kuromi Feminina Esportiva (Achadinhos da Pyxie)","⚡ Treine com estilo e atitude! Camiseta de compressão Rash Guard temática Hello Kitty & Kuromi com proteção UV, tecido térmico respirável e caimento perfeito no corpo. Ideal para academia, jiu-jitsu e esportes. Confira na Shopee!","https://s.shopee.com.br/BU6BaII8z","https://down-br.img.susercontent.com/file/br-11134207-820lm-msfme06d4wska1.jpg","119.92 BRL","in stock","new","Shopee / Pyxie","achadinhos_shopee","Apparel & Accessories"
"shopee_28812198611","Par de Anéis Vintage Goth com Espinhos Spikes Regulável (Achadinhos da Pyxie)","⛓️ Estilo punk rock autêntico para os seus dedos! Conjunto de anéis vintage com textura de espinhos góticos, ajustáveis e feitos em liga metálica resistente. Perfeito para casais alternativos ou compor seu look e-girl/grunge. Aproveite na Shopee!","https://s.shopee.com.br/LnWNtHeo2","https://down-br.img.susercontent.com/file/sg-11134201-7rdy7-m0j7wbk9ta7y39.jpg","12.06 BRL","in stock","new","Shopee / Pyxie","achadinhos_shopee","Apparel & Accessories"
"shopee_58212898323","Anel Gótico Camafeu Vitoriano com Pedra Roxa Dark Aesthetic (Achadinhos da Pyxie)","💜 Toque de nobreza sombria e elegância vitoriana! Anel gótico ornamentado com pedra oval roxa profunda e moldura barroca detalhada. Uma joia clássica que transforma qualquer visual alternativo ou dark fairy. Peça já o seu na Shopee!","https://s.shopee.com.br/W6waCH1T5","https://down-br.img.susercontent.com/file/br-11134207-820ly-mppd70swjy81c9.jpg","29.90 BRL","in stock","new","Shopee / Pyxie","achadinhos_shopee","Apparel & Accessories"
"shopee_53709861240","Chaveiro Metálico Kunai Naruto Shippuden Cosplay Anime (Achadinhos da Pyxie)","🍃 Para os verdadeiros shinobis da Aldeia da Folha! Chaveiro em miniatura da Kunai do Naruto feito em metal de alta qualidade com acabamento impecável. Perfeito para mochilas, chaves e colecionadores otakus. Garanta o seu na Shopee!","https://s.shopee.com.br/20vkMxBJQO","https://down-br.img.susercontent.com/file/br-11134207-820mb-mnrkqsisapkw49.jpg","14.99 BRL","in stock","new","Shopee / Pyxie","achadinhos_shopee","Apparel & Accessories"
"shopee_23099667422","Kit Chaveiros Hollow Knight & Hornet Colecionável Gamer (Achadinhos da Pyxie)","⚔️ O clássico dos games indie nas suas mãos! Kit exclusivo com chaveiros do Cavaleiro e da Hornet com acabamento nítido e super detalhado. Presente imperdível para todo fã de Hollow Knight e Silksong. Compre com desconto na Shopee!","https://s.shopee.com.br/2BFAZGAg5R","https://down-br.img.susercontent.com/file/br-11134207-820m5-mrxeumetmdqef1.jpg","27.97 BRL","in stock","new","Shopee / Pyxie","achadinhos_shopee","Apparel & Accessories"
"shopee_58217140837","Kit Chaveiros dos Signos do Zodíaco MDF Geek Personalizado (Achadinhos da Pyxie)","✨ Qual é o seu signo? Kit de chaveiros colecionáveis em MDF recortado a laser com ilustrações exclusivas dos signos astrológicos. Leve, resistente e super charmoso para bolsas e chaves. Escolha o seu na Shopee!","https://s.shopee.com.br/2LYalZA2kU","https://down-br.img.susercontent.com/file/br-11134207-820l6-msfkb354fyf96a.jpg","12.90 BRL","in stock","new","Shopee / Pyxie","achadinhos_shopee","Apparel & Accessories"
"shopee_23098082556","Chaveiro Acrílico Dupla Face Haikyuu Vôlei Anime (Achadinhos da Pyxie)","🏐 Leve seus jogadores favoritos para todo lugar! Chaveiro acrílico de alta transparência com impressão dupla face dos personagens de Haikyuu. Cores vibrantes e película protetora anti-risco. Confira os modelos na Shopee!","https://s.shopee.com.br/2Vs0xs9PPX","https://down-br.img.susercontent.com/file/br-11134207-7r98o-m3w0kkj0opx143.jpg","12.00 BRL","in stock","new","Shopee / Pyxie","achadinhos_shopee","Apparel & Accessories"
"shopee_48711799504","Figure Sanrio Maneki Neko Gato da Fortuna Colecionável (Achadinhos da Pyxie)","🍀 Sorte, fofura e prosperidade! Action figure oficial TOPTOY dos personagens Sanrio estilizados como o tradicional Maneki Neko japonês. Acabamento primoroso e pintura brilhante para sua estante. Garanta o seu na Shopee!","https://s.shopee.com.br/1Lg3ZjDqmK","https://down-br.img.susercontent.com/file/sg-11134301-822wz-mo4xnlv72cqp27.jpg","85.43 BRL","in stock","new","Shopee / Pyxie","achadinhos_shopee","Apparel & Accessories"
"shopee_51061796738","Blind Box Caixa Surpresa Kuromi no Ofurô Sanrio TOPTOY (Achadinhos da Pyxie)","🛁 A surpresa mais relaxante e fofa! Caixa misteriosa original da Kuromi curtindo um banho de ofurô perfumado com diversos modelos colecionáveis super detalhados. Viva a emoção do unboxing direto da Shopee!","https://s.shopee.com.br/1VzTm2DDRN","https://down-br.img.susercontent.com/file/sg-11134201-823qq-mp7yqtpunnd8d1.jpg","67.76 BRL","in stock","new","Shopee / Pyxie","achadinhos_shopee","Apparel & Accessories"
"shopee_50717960447","Mini Pelúcia Chubby Sanrio Japão Edição Limitada Rara (Achadinhos da Pyxie)","🌸 Importada e super exclusiva! Mini bola de pelúcia estilo Chubby dos personagens clássicos da Sanrio direto do Japão. Toque aveludado e formato esférico irresistível para apertar e colecionar. Peça já na Shopee!","https://s.shopee.com.br/1gItyLCa6Q","https://down-br.img.susercontent.com/file/sg-11134201-8258i-mt7yve0nfdaf89.jpg","55.43 BRL","in stock","new","Shopee / Pyxie","achadinhos_shopee","Apparel & Accessories"
"shopee_58200714991","Coleção Mini Figures Hello Kitty & Friends com Expositor 7cm (Achadinhos da Pyxie)","🎀 Todo o universo Sanrio reunido! Conjunto de mini bonecos colecionáveis de 7cm com Hello Kitty, Kuromi, My Melody e amigos, acompanhando caixinha expositora transparente. Perfeito para mesa e decoração. Compre na Shopee!","https://s.shopee.com.br/1qcKAeBwlT","https://down-br.img.susercontent.com/file/br-11134207-81z1k-mh5m4jb0krgk00.jpg","38.19 BRL","in stock","new","Shopee / Pyxie","achadinhos_shopee","Apparel & Accessories"
"shopee_46568118283","Action Figure Vinil Sanrio Ilha da Raposa Edição Ampla (Achadinhos da Pyxie)","🦊 A magia dos contos de fadas no seu quarto! Estatueta de vinil de luxo da série Ilha da Raposa da Sanrio com pintura fosca e acabamento impecável de alta linha. Uma verdadeira obra de arte para colecionadores na Shopee!","https://s.shopee.com.br/3LR7xP6Eim","https://down-br.img.susercontent.com/file/sg-11134201-825b0-mtcclyolfk064e.jpg","157.16 BRL","in stock","new","Shopee / Pyxie","achadinhos_shopee","Apparel & Accessories"
"shopee_23594291024","Bonecos Colecionáveis Pop Hello Kitty & Sanrio Figures (Achadinhos da Pyxie)","💖 Estilo Funko Pop super detalhado! Bonecos estilizados dos personagens mais icônicos da Sanrio em vinil maciço com base de apoio firme. O presente que encanta qualquer fã de cultura kawaii na Shopee!","https://s.shopee.com.br/3VkY9i5bNp","https://down-br.img.susercontent.com/file/br-11134201-81ztc-mjg8hat4e41t09.jpg","39.90 BRL","in stock","new","Shopee / Pyxie","achadinhos_shopee","Apparel & Accessories"
"shopee_41233335407","Miniatura Balanço Sanrio Cinnamoroll My Melody & Pompompurin (Achadinhos da Pyxie)","🎠 Cenário interativo em miniatura com os personagens da Sanrio em um lindo balanço de parque! Peça decorativa charmosa para mesas de estudo, setup gamer e prateleiras. Compre com cupom na Shopee!","https://s.shopee.com.br/3g3yM14y2s","https://down-br.img.susercontent.com/file/br-11134201-820mg-mrpthvht9dzaf6.jpg","79.32 BRL","in stock","new","Shopee / Pyxie","achadinhos_shopee","Apparel & Accessories"
"shopee_22897558194","Almofada 2 em 1 com Manta de Casal Hello Kitty Oficial (Achadinhos da Pyxie)","🛏️ O conforto térmico que você merece! Almofada fofinha que se abre e vira uma manta quentinha e macia com estampa oficial da Hello Kitty. Perfeita para viagens, maratonar séries no sofá e noites frias. Confira na Shopee!","https://s.shopee.com.br/3qNOYK4Khv","https://down-br.img.susercontent.com/file/br-11134207-7r98o-lw7l98ec6oj9f1.jpg","179.90 BRL","in stock","new","Shopee / Pyxie","achadinhos_shopee","Apparel & Accessories"
"shopee_58216019732","Kit Bath Bombs Bombas de Banho Efervescentes Sanrio (Achadinhos da Pyxie)","🛁✨ Transforme seu banho em um spa perfumado e relaxante! Bombas de banho efervescentes aromáticas com cores pasteis e surpresas temáticas dos personagens Sanrio. Um mimo especial para autocuidado na Shopee!","https://s.shopee.com.br/2gBRAB8m4i","https://down-br.img.susercontent.com/file/br-11134207-820lh-mrshx86teayu21.jpg","28.00 BRL","in stock","new","Shopee / Pyxie","achadinhos_shopee","Apparel & Accessories"
"shopee_23298733870","Camiseta Preta 100% Algodão Kuromi & Hello Kitty Gothic Look (Achadinhos da Pyxie)","🖤 Estampa marcante em tecido preto puro de alta gramatura! Camiseta unissex confortável com os personagens Sanrio em traço gótico alternativo. Combina com qualquer visual e-girl, grunge ou street. Garanta na Shopee!","https://s.shopee.com.br/2qUrMU88jl","https://down-br.img.susercontent.com/file/sg-11134201-7rdwn-mcedrobytztd55.jpg","44.89 BRL","in stock","new","Shopee / Pyxie","achadinhos_shopee","Apparel & Accessories"
"shopee_23798884243","Camiseta Feminina Girl Power Sanrio Algodão Premium (Achadinhos da Pyxie)","🌸 Modelagem moderna com caimento perfeito que valoriza o corpo! Camiseta casual feminina em algodão respirável com estampa delicada e cores suaves. Ideal para looks do dia a dia e passeios. Peça na Shopee!","https://s.shopee.com.br/30oHYn7VOo","https://down-br.img.susercontent.com/file/br-11134207-81z1k-mebs7bkg80ea4d.jpg","26.04 BRL","in stock","new","Shopee / Pyxie","achadinhos_shopee","Apparel & Accessories"
"shopee_21198287538","Camiseta Casual Sanrio Friends Voando nas Nuvens (Achadinhos da Pyxie)","☁️ Leveza e nostalgia! Camiseta com estampa artística dos personagens voando entre nuvens e estrelas. Tecido leve que não esquenta, perfeito para o clima brasileiro. Aproveite o frete grátis na Shopee!","https://s.shopee.com.br/3B7hl66s3r","https://down-br.img.susercontent.com/file/br-11134207-81z1k-mebtyyrpk6ptf6.jpg","26.04 BRL","in stock","new","Shopee / Pyxie","achadinhos_shopee","Apparel & Accessories"
"shopee_23194383379","T-Shirt Feminina Cinnamoroll Estilo Baby Blue Kawaii (Achadinhos da Pyxie)","💙 O cachorrinho orelhudo mais amado do mundo na sua camiseta favorita! T-shirt em tom azul pastel suave com estampa em alta definição do Cinnamoroll. Conforto e charme instantâneos na Shopee!","https://s.shopee.com.br/4fwVXr1A1A","https://down-br.img.susercontent.com/file/br-11134207-81z1k-mebtyyrp4qgxf9.jpg","26.04 BRL","in stock","new","Shopee / Pyxie","achadinhos_shopee","Apparel & Accessories"
"shopee_46703273896","Kit Volta às Aulas MINISO Sanrio Hello Kitty Papelaria (Achadinhos da Pyxie)","📚 Comece as aulas com o material mais fofo da turma! Linha oficial MINISO com estojos, canetas e acessórios temáticos da Hello Kitty com a qualidade reconhecida mundialmente. Confira na Shopee!","https://s.shopee.com.br/4qFvkA0WgD","https://down-br.img.susercontent.com/file/sg-11134201-81zuq-mie64ql6wk5c8d.jpg","57.44 BRL","in stock","new","Shopee / Pyxie","achadinhos_shopee","Apparel & Accessories"
"shopee_47953273594","Coleção MINISO Fantasy Paradise Kuromi Sonhadora (Achadinhos da Pyxie)","🔮 Coleção temática dos sonhos! Itens de decoração e acessórios da série Fantasy Paradise com a Kuromi em versão celestial com asas e brilhos violetas. Uma edição mágica na Shopee!","https://s.shopee.com.br/50ZLwSztLG","https://down-br.img.susercontent.com/file/sg-11134201-81zvo-mie5rtq4d0jn0c.jpg","82.52 BRL","in stock","new","Shopee / Pyxie","achadinhos_shopee","Apparel & Accessories"
"shopee_47511231282","Pelúcia Luxo MINISO Sanrio Série Ilha da Raposa 30cm (Achadinhos da Pyxie)","🦊 Toque de nuvem e acabamento impecável! Pelúcia original MINISO com roupinha tradicional oriental e orelhinhas macias. O presente perfeito para quem ama Sanrio e estética japonesa. Compre na Shopee!","https://s.shopee.com.br/5Asm8lzG0J","https://down-br.img.susercontent.com/file/sg-11134301-823rd-morq5x29ysy5e4.jpg","122.30 BRL","in stock","new","Shopee / Pyxie","achadinhos_shopee","Apparel & Accessories"
"shopee_45106253657","Camiseta K-Pop Bangtan Boys BTS Integrantes Algodão 100% (Achadinhos da Pyxie)","💜 Mostre seu amor de Army com muito estilo! Camiseta casual com estampa dos integrantes do BTS (Jungkook, Jimin, V, Suga, Jin, RM, J-Hope) em malha 100% algodão macia e respirável. Conforto total para shows e rolês na Shopee!","https://s.shopee.com.br/40gokd3hN6","https://down-br.img.susercontent.com/file/br-11134207-81zu4-mkse4636p7gi79.jpg","35.96 BRL","in stock","new","Shopee / Pyxie","achadinhos_shopee","Apparel & Accessories"
"shopee_55665304578","Camiseta BTS Army Fio 30.1 Penteado Estampa Minimalista (Achadinhos da Pyxie)","✨ Qualidade de alfaiataria streetwear! Camiseta oficial Army em algodão nobre fio 30.1 penteado que não encolhe e não desbota. Design clean e moderno para usar em qualquer ocasião. Compre direto na Shopee!","https://s.shopee.com.br/4B0Eww3429","https://down-br.img.susercontent.com/file/sg-11134201-8259s-mresshy2kxdz9c.jpg","54.93 BRL","in stock","new","Shopee / Pyxie","achadinhos_shopee","Apparel & Accessories"
"shopee_22298720166","Chaveiro Koya BT21 Coala Kawaii Idol Coreano Colecionável (Achadinhos da Pyxie)","🐨 O coala mais calmo e sábio do universo K-Pop! Chaveiro emborrachado 3D do Koya com argola reforçada e pingente complementar. Deixe sua mochila ou chaves com a energia fofa do líder Namjoon. Confira na Shopee!","https://s.shopee.com.br/4LJf9F2QhC","https://down-br.img.susercontent.com/file/br-11134207-820m2-mo0syrnmblkxf3.jpg","19.90 BRL","in stock","new","Shopee / Pyxie","achadinhos_shopee","Apparel & Accessories"
"shopee_58200546904","Chaveiro BT21 Cosmic Modelo A K-Pop Idol Astronauta (Achadinhos da Pyxie)","🚀 Uma viagem interestelar com os personagens do BT21! Chaveiro comemorativo Cosmic Edition Modelo A com traje espacial metalizado e cores holográficas. Item de colecionador que se destaca em qualquer bolsa na Shopee!","https://s.shopee.com.br/4Vd5LY1nMF","https://down-br.img.susercontent.com/file/br-11134207-81z1k-mgyb34zgzv2ff8.jpg","23.90 BRL","in stock","new","Shopee / Pyxie","achadinhos_shopee","Apparel & Accessories"
"shopee_23499167818","Chaveiro BT21 Cosmic Modelo B K-Pop Espacial Galáxia (Achadinhos da Pyxie)","🌌 Design futurista e brilhante! Chaveiro temático Cosmic Modelo B com detalhes em resina cristalina e acabamento resistente. Colecione a dupla espacial e leve o estilo K-Pop com você para onde for. Garanta na Shopee!","https://s.shopee.com.br/60Rt8Iw5JY","https://down-br.img.susercontent.com/file/br-11134207-81z1k-mgyb34zgu8sn28.jpg","23.90 BRL","in stock","new","Shopee / Pyxie","achadinhos_shopee","Apparel & Accessories"
"shopee_22699018325","Chaveiro Premium BTS Metal & Resina Idol Colecionável (Achadinhos da Pyxie)","💎 Luxo e durabilidade em cada detalhe! Chaveiro oficial versão premium com mosquetão reforçado, pingentes de alta precisão e acabamento em banho metálico brilhante. O acessório definitivo para Armys exigentes na Shopee!","https://s.shopee.com.br/6AlJKbvRyb","https://down-br.img.susercontent.com/file/br-11134207-81z1k-mflpr9hha03ke8.jpg","36.99 BRL","in stock","new","Shopee / Pyxie","achadinhos_shopee","Apparel & Accessories"
"shopee_58253955903","Mini Cartela Adesivos BT21 Mini21 Bullet Journal Papelaria (Achadinhos da Pyxie)","📝 Decore seus cadernos, planners e celular com pura fofura! Cartela com mini adesivos recortados dos integrantes do BT21 em papel fotográfico à prova de respingos. Cores vivas para seu bujo e scrapbook na Shopee!","https://s.shopee.com.br/6L4jWuuode","https://down-br.img.susercontent.com/file/br-11134207-820lh-mnao3k1oy3uq21.jpg","3.99 BRL","in stock","new","Shopee / Pyxie","achadinhos_shopee","Apparel & Accessories"
"shopee_23199440691","Adesivos Baby Cooky Glitter K-Pop Coelhinho Rosa Fofo (Achadinhos da Pyxie)","🐰✨ Muito brilho e energia com o coelhinho mais forte do K-Pop! Cartela de adesivos Baby Cooky com laminação holográfica brilhante. Perfeito para capinhas de celular, notebooks e agendas. Peça já o seu na Shopee!","https://s.shopee.com.br/6VO9jDuBIh","https://down-br.img.susercontent.com/file/br-11134207-820m2-mnc0jkeyhse8d4.jpg","3.99 BRL","in stock","new","Shopee / Pyxie","achadinhos_shopee","Apparel & Accessories"
"shopee_58259201521","Bloco de Notas Mang Baby21 Papelaria Kawaii BTS J-Hope (Achadinhos da Pyxie)","🐴💖 Anote suas ideias, metas e recados com a alegria do Mang! Bloco de notas destacável com 50 folhas de alta gramatura que não vazam a tinta da caneta. Ideal para estudos e organização diária na Shopee!","https://s.shopee.com.br/5LCCL4ycfU","https://down-br.img.susercontent.com/file/br-11134207-820lu-mn9pdowmfcoyf0.jpg","10.90 BRL","in stock","new","Shopee / Pyxie","achadinhos_shopee","Apparel & Accessories"
"shopee_58209207715","Bloco de Anotações Koya Baby21 Aesthetic Pastel BTS (Achadinhos da Pyxie)","🌿 Organização tranquila e charmosa! Bloco de notas temático do Koya em tons pastéis suaves para planejar sua rotina com calma e foco. Papel encorpado com impressão nítida de alta qualidade na Shopee!","https://s.shopee.com.br/5VVcXNxzKX","https://down-br.img.susercontent.com/file/br-11134207-820lk-mn9pdowmdy4i2a.jpg","10.90 BRL","in stock","new","Shopee / Pyxie","achadinhos_shopee","Apparel & Accessories"
"shopee_58259299201","Botton Pin Metal Baby Chimmy Jimin K-Pop Esmaltado (Achadinhos da Pyxie)","💛 O cachorrinho de moletom amarelo mais querido do mundo! Botton pin metálico esmaltado com fecho seguro tipo borboleta. Perfeito para jaquetas jeans, mochilas, estojos e boinas. Adquira na Shopee!","https://s.shopee.com.br/5fp2jgxLza","https://down-br.img.susercontent.com/file/br-11134207-820m4-mnc0jkeyj6yoe2.jpg","10.90 BRL","in stock","new","Shopee / Pyxie","achadinhos_shopee","Apparel & Accessories"
"shopee_19899844283","Mini Chaveiro K-Pop Idol Colecionável Emborrachado (Achadinhos da Pyxie)","🌟 Pequeno, leve e super resistente! Mini chaveiro emborrachado com design compacto perfeito para pendurar no zíper de estojos, fones de ouvido e chaves de casa. Colecione todos os modelos na Shopee!","https://s.shopee.com.br/5q8Svzwied","https://down-br.img.susercontent.com/file/br-11134207-7r98o-mcsag6b2y77lfd.jpg","19.90 BRL","in stock","new","Shopee / Pyxie","achadinhos_shopee","Apparel & Accessories"
"shopee_18498293667","Caderno Capivara Kawaii 12x18 Pautado Capa Dura Meme (Achadinhos da Pyxie)","☕ A paz interior em forma de caderno! Caderno de anotações tamanho compacto 12x18 com capa dura e ilustrações hilárias da Capivara Aesthetic. Folhas pautadas de alta qualidade para o seu dia a dia na Shopee!","https://s.shopee.com.br/7KxGikr0bw","https://down-br.img.susercontent.com/file/br-11134207-7r98o-mcy38nicerk1d3.jpg","19.89 BRL","in stock","new","Shopee / Pyxie","achadinhos_shopee","Apparel & Accessories"
"shopee_23498878646","Camiseta Capivara Poses Meme Engraçada 100% Algodão (Achadinhos da Pyxie)","🐾 Viva a vida no modo capivara: relaxado e sem estresse! Camiseta divertida com estampa de várias poses fofas de capivaras em tecido 100% algodão super confortável. O presente ideal para quem ama memes na Shopee!","https://s.shopee.com.br/7VGgv3qNGz","https://down-br.img.susercontent.com/file/br-11134207-81z1k-mebs7bgal4hvc7.jpg","25.51 BRL","in stock","new","Shopee / Pyxie","achadinhos_shopee","Apparel & Accessories"
"shopee_58203304101","Camiseta Gótica Drácula Vampiro Darkwear Oversized (Achadinhos da Pyxie)","🦇 Estilo vampírico e imponente! Camiseta unissex estampa clássica Drácula em malha encorpada com caimento oversized perfeito. A peça central para looks dark goth, metal e grunge sombrio. Compre já na Shopee!","https://s.shopee.com.br/7fa77Mpjw2","https://down-br.img.susercontent.com/file/sg-11134201-8261r-mjhiugo1g6x100.jpg","31.20 BRL","in stock","new","Shopee / Pyxie","achadinhos_shopee","Apparel & Accessories"
"shopee_23398560196","Cropped Feminino Gótico Dark Aesthetic com Renda e Cruz (Achadinhos da Pyxie)","🖤 Sensualidade, elegância e mistério! Cropped gótico com decote detalhado, cruz frontal e acabamento de renda sombria. Modela a cintura e combina perfeitamente com saias plissadas e calças wide leg. Confira na Shopee!","https://s.shopee.com.br/7ptXJfp6b5","https://down-br.img.susercontent.com/file/br-11134207-7r98o-maiikasktbsp84.jpg","49.00 BRL","in stock","new","Shopee / Pyxie","achadinhos_shopee","Apparel & Accessories"
"shopee_58260523339","Colar Gótico Pérolas Negras com Spikes Rebites Grunge Punk (Achadinhos da Pyxie)","⛓️ A fusão perfeita entre a delicadeza das pérolas e o impacto dos rebites punks! Colar choker moderno com fecho resistente e design marcante que valoriza qualquer decote ou camiseta básica. Adquira na Shopee!","https://s.shopee.com.br/6fhZvWtXxs","https://down-br.img.susercontent.com/file/br-11134207-820l5-mp2q5nx8pi4j26.jpg","44.99 BRL","in stock","new","Shopee / Pyxie","achadinhos_shopee","Apparel & Accessories"
"shopee_15922582654","Colar Gargantilha Caixão Coffin E-Girl Goth Vampire (Achadinhos da Pyxie)","⚰️ Pingente de caixão com relevo sombrio em corrente de elos escuros. Acessório clássico da cultura gótica que expressa personalidade única e amor pela estética dark e horror. Peça o seu na Shopee!","https://s.shopee.com.br/6q107psucv","https://down-br.img.susercontent.com/file/5e1d29a08bd11f00827ea00264e5f886.jpg","30.00 BRL","in stock","new","Shopee / Pyxie","achadinhos_shopee","Apparel & Accessories"
"shopee_56467045490","Choker Gargantilha de Couro com Spikes Cravos Punk Rock (Achadinhos da Pyxie)","⚡ Atitude pura! Gargantilha de couro sintético ecológico com cravos pontiagudos de metal e fivela com ajuste para vários tamanhos de pescoço. O acessório indispensável para fãs de rock, metal e goth. Compre na Shopee!","https://s.shopee.com.br/70KQK8sHHy","https://down-br.img.susercontent.com/file/sg-11134201-825b2-msi5pnkffjlx41.jpg","9.99 BRL","in stock","new","Shopee / Pyxie","achadinhos_shopee","Apparel & Accessories"
"shopee_50067825252","Gargantilha Gótica Borboleta e Cruz de Couro PU Halloween (Achadinhos da Pyxie)","🦋🖤 Simbolismo poético e estética alternativa! Choker de couro com pingente central de borboleta negra e cruz pendente. Ideal para compor fantasias de Halloween, cosplays ou looks diários cheios de atitude na Shopee!","https://s.shopee.com.br/7AdqWRrdx1","https://down-br.img.susercontent.com/file/sg-11134201-8259w-mt3hr4b8xlopad.jpg","26.99 BRL","in stock","new","Shopee / Pyxie","achadinhos_shopee","Apparel & Accessories"
"shopee_49667672454","Kit Luvas de Couro Sem Dedos com Choker Coração E-Girl (Achadinhos da Pyxie)","🖤 O combo visual dos sonhos para e-girls e cosplayers! Par de luvas sem dedos em couro PU com fivela ajustável e gargantilha com argola em formato de coração. Transforme seu look com esse kit na Shopee!","https://s.shopee.com.br/8fSeJClvuK","https://down-br.img.susercontent.com/file/sg-11134201-825a0-msxf9kua016qfb.jpg","38.99 BRL","in stock","new","Shopee / Pyxie","achadinhos_shopee","Apparel & Accessories"
"shopee_58212762970","Camiseta Oversized Streetwear Ambitious Y2K Goth Grunge (Achadinhos da Pyxie)","🛹 Caimento solto e estampa impactante no estilo streetwear internacional! Camiseta Ambitious em algodão premium com tipografia gótica moderna. Conforto e visual marcante para quem domina a cena alternativa na Shopee!","https://s.shopee.com.br/8pm4VVlIZN","https://down-br.img.susercontent.com/file/br-11134207-820ll-mpmajseoeole07.jpg","49.72 BRL","in stock","new","Shopee / Pyxie","achadinhos_shopee","Apparel & Accessories"
"shopee_41284431274","Kit 7 Peças Joias Punk Goth Pulseiras Cinto & Chokers (Achadinhos da Pyxie)","⛓️ O arsenal completo para montar qualquer look alternativo! Conjunto com 7 itens incluindo pulseiras de rebite, cinto com correntes, chokers e braceletes de couro. Economia e estilo reunidos em um só kit na Shopee!","https://s.shopee.com.br/905UhokfEQ","https://down-br.img.susercontent.com/file/sg-11134201-825av-mt3hnafduoea9a.jpg","68.99 BRL","in stock","new","Shopee / Pyxie","achadinhos_shopee","Apparel & Accessories"
"shopee_40683175184","Carteira Corrente Caveira Gótica Couro Punk Rocker Bifold (Achadinhos da Pyxie)","💀 Segurança e atitude para o seu bolso! Carteira bifold de couro resistente com estampa de caveira em relevo e corrente metálica pesada para prender na calça. Nunca mais perca seus pertences. Adquira na Shopee!","https://s.shopee.com.br/9AOuu7k1tT","https://down-br.img.susercontent.com/file/sg-11134201-825al-mr9iaglcsu8006.jpg","99.99 BRL","in stock","new","Shopee / Pyxie","achadinhos_shopee","Apparel & Accessories"
"shopee_47615453544","Óculos de Sol Punk Spikes Rebites Goth Rock Futurista (Achadinhos da Pyxie)","🕶️ Visual futurista e rebelde que chama a atenção onde você passar! Óculos de sol com proteção UV e armação cravejada de rebites spikes metálicos pontiagudos. O acessório dos palcos e festivais na Shopee!","https://s.shopee.com.br/80CxVyoTGG","https://down-br.img.susercontent.com/file/sg-11134201-82594-mri1j9b1ibk45e.jpg","37.99 BRL","in stock","new","Shopee / Pyxie","achadinhos_shopee","Apparel & Accessories"
"shopee_23793943276","Camiseta Goth Darkness Estampa Sombria Streetwear (Achadinhos da Pyxie)","🖤 A escuridão traduzida em moda de rua! Camiseta preta com estampa gráfica de alta resolução 'Darkness' em tecido respirável e toque suave. Combine com coturnos e calças destroyed para um visual arrasador na Shopee!","https://s.shopee.com.br/8AWNiHnpvJ","https://down-br.img.susercontent.com/file/sg-11134201-7rfgd-m99nrugnc6g73f.jpg","79.90 BRL","in stock","new","Shopee / Pyxie","achadinhos_shopee","Apparel & Accessories"
"shopee_58211239001","Baby Tee Hello Kitty Strass Brilho Goth Y2K Vintage (Achadinhos da Pyxie)","✨ O charme das baby tees dos anos 2000 está de volta! Camiseta cropped ajustada com a Hello Kitty em aplicação de strass brilhantes. Confortável, nostálgica e super tendência no TikTok. Garanta a sua na Shopee!","https://s.shopee.com.br/8KpnuanCaM","https://down-br.img.susercontent.com/file/br-11134207-820l7-mr3s1psfaz9i75.jpg","42.00 BRL","in stock","new","Shopee / Pyxie","achadinhos_shopee","Apparel & Accessories"
"shopee_58206275470","Blusa Grunge Goth Cruz Punk Manga Longa Y2K Alternativa (Achadinhos da Pyxie)","⛓️ Visual despojado e autêntico para dias frescos! Blusa de manga longa com estampa de cruzes góticas e corte solto no estilo grunge noventista. Tecido leve que combina perfeitamente com sobreposições na Shopee!","https://s.shopee.com.br/8V9E6tmZFP","https://down-br.img.susercontent.com/file/br-11134207-820m2-mlfom2ugbe2sd5.jpg","58.00 BRL","in stock","new","Shopee / Pyxie","achadinhos_shopee","Apparel & Accessories"
"shopee_20499318640","Choker Gargantilha Whimsical Goth Veludo com Pingente (Achadinhos da Pyxie)","🌙 Magia, fadas da noite e elegância misteriosa! Choker com fita de veludo macio e pingente delicado com estética whimsical goth. Confortável para usar horas a fio sem machucar o pescoço. Compre na Shopee!","https://s.shopee.com.br/9zy1tegrCi","https://down-br.img.susercontent.com/file/br-11134207-7r98o-lwekwuv836aaa4.jpg","41.00 BRL","in stock","new","Shopee / Pyxie","achadinhos_shopee","Apparel & Accessories"
"shopee_55465826792","Calça Pantalona Mall Goth Estampa Cruz Darkwear E-Girl (Achadinhos da Pyxie)","🖤 Caimento amplo, cintura alta e muito estilo! Calça pantalona wide leg com estampa de cruzes e tecido fluido de caimento perfeito. Cria silhuetas incríveis para fotos e eventos alternativos. Veja na Shopee!","https://s.shopee.com.br/AAHS5xgDrl","https://down-br.img.susercontent.com/file/sg-11134201-825a6-mrrg7rovng1zd8.jpg","83.12 BRL","in stock","new","Shopee / Pyxie","achadinhos_shopee","Apparel & Accessories"
"shopee_58214366811","Camiseta Melanie Martinez Portais Fada Cogumelo Aesthetic (Achadinhos da Pyxie)","🍄🌸 O mundo mágico e surreal do álbum Portals! Camiseta comemorativa com arte oficial de fada e cogumelos da Melanie Martinez. Cores vibrantes em malha macia de toque suave. Um item indispensável para fãs na Shopee!","https://s.shopee.com.br/AKasIGfaWo","https://down-br.img.susercontent.com/file/sg-11134201-825ac-mqpwcszwav4ea9.jpg","43.98 BRL","in stock","new","Shopee / Pyxie","achadinhos_shopee","Apparel & Accessories"
"shopee_43134720207","Unhas Postiças Magnéticas Cat Eye Cristal Negro Goth (Achadinhos da Pyxie)","💅 Unhas de salão profissional feitas em 5 minutos em casa! Kit de unhas postiças com efeito olho de gato (Cat Eye) magnético e cristais negros lapidados. Alta durabilidade e acabamento ultrabrilhante na Shopee!","https://s.shopee.com.br/AUuIUZexBr","https://down-br.img.susercontent.com/file/sg-11134201-825bc-mtgc05931hxhd7.jpg","19.00 BRL","in stock","new","Shopee / Pyxie","achadinhos_shopee","Apparel & Accessories"
"shopee_47016910618","Kit 100 Mini Tartarugas que Brilham no Escuro Resina Decor (Achadinhos da Pyxie)","🐢✨ Magia luminosa para o seu aquário, vasos de plantas ou estante! Pacote com 100 miniaturas de tartaruguinhas feitas em resina fotoluminescente que absorvem a luz e brilham no escuro. Fofura garantida na Shopee!","https://s.shopee.com.br/9KiL6QjOYe","https://down-br.img.susercontent.com/file/sg-11134201-8259q-msewm6mqypkxc0.jpg","37.02 BRL","in stock","new","Shopee / Pyxie","achadinhos_shopee","Apparel & Accessories"