Title,Media URL,Pinterest board,Thumbnail,Description,Link,Publish date,Keywords
"Kuromi Sanrio Boneca de pelúcia fofa 25cm Kuromi Sanrio (Achadinhos da Pyxie)","https://down-br.img.susercontent.com/file/br-11134207-7r98o-mbe0k65jvlov9d.jpg","Achadinhos Shopee • Sanrio & Hello Kitty","","✨ Kuromi Sanrio Boneca de pelúcia fofa 25cm Kuromi Sanrio ✨ Por apenas R$ 55,99! Compre com cupom de desconto e frete grátis direto na Shopee Oficial.","https://s.shopee.com.br/1BMdNQEU79","","sanrio, kuromi, hello kitty, moda alternativa, e-girl, achadinhos shopee, presentes, aesthetic, comprinhas"
"Camiseta Feminina Premium Hello Kitty Kuromi 100% Algodão (Achadinhos da Pyxie)","https://down-br.img.susercontent.com/file/sg-11134201-8257t-mrez4efi09vpc3.jpg","Achadinhos Shopee • Sanrio & Hello Kitty","","✨ Camiseta Feminina Premium Hello Kitty Kuromi 100% Algodão ✨ Por apenas R$ 34,90! Compre com cupom de desconto e frete grátis direto na Shopee Oficial.","https://s.shopee.com.br/1AfzHIvTw","","sanrio, kuromi, hello kitty, moda alternativa, e-girl, achadinhos shopee, presentes, aesthetic, comprinhas"
"Camiseta Rash Guard Hello Kitty Kuromi modelagem Feminino... (Achadinhos da Pyxie)","https://down-br.img.susercontent.com/file/br-11134207-820lm-msfme06d4wska1.jpg","Achadinhos Shopee • Sanrio & Hello Kitty","","✨ Camiseta Rash Guard Hello Kitty Kuromi modelagem Feminino... ✨ Por apenas R$ 119,92! Compre com cupom de desconto e frete grátis direto na Shopee Oficial.","https://s.shopee.com.br/BU6BaII8z","","sanrio, kuromi, hello kitty, moda alternativa, e-girl, achadinhos shopee, presentes, aesthetic, comprinhas"
"EEBR Vintage Goth Espinhos Casal Anéis Para Homens Mulher... (Achadinhos da Pyxie)","https://down-br.img.susercontent.com/file/sg-11134201-7rdy7-m0j7wbk9ta7y39.jpg","Achadinhos Shopee • Acessórios Goth & Punk","","✨ EEBR Vintage Goth Espinhos Casal Anéis Para Homens Mulher... ✨ Por apenas R$ 12,06! Compre com cupom de desconto e frete grátis direto na Shopee Oficial.","https://s.shopee.com.br/LnWNtHeo2","","sanrio, kuromi, hello kitty, moda alternativa, e-girl, achadinhos shopee, presentes, aesthetic, comprinhas"
"Anel gótico camafeu roxo pedra roxa oval moldura ornament... (Achadinhos da Pyxie)","https://down-br.img.susercontent.com/file/br-11134207-820ly-mppd70swjy81c9.jpg","Achadinhos Shopee • Acessórios Goth & Punk","","✨ Anel gótico camafeu roxo pedra roxa oval moldura ornament... ✨ Por apenas R$ 29,90! Compre com cupom de desconto e frete grátis direto na Shopee Oficial.","https://s.shopee.com.br/W6waCH1T5","","sanrio, kuromi, hello kitty, moda alternativa, e-girl, achadinhos shopee, presentes, aesthetic, comprinhas"
"Chaveiro Naruto Personalizado Kunai  Anime Naruto Shippud... (Achadinhos da Pyxie)","https://down-br.img.susercontent.com/file/br-11134207-820mb-mnrkqsisapkw49.jpg","Achadinhos Shopee • Papelaria Fofa & K-Pop","","✨ Chaveiro Naruto Personalizado Kunai  Anime Naruto Shippud... ✨ Por apenas R$ 14,99! Compre com cupom de desconto e frete grátis direto na Shopee Oficial.","https://s.shopee.com.br/20vkMxBJQO","","sanrio, kuromi, hello kitty, moda alternativa, e-girl, achadinhos shopee, presentes, aesthetic, comprinhas"
"Kit Chaveiros Hollow Knight e Hornet | Chaveiro Geek Game... (Achadinhos da Pyxie)","https://down-br.img.susercontent.com/file/br-11134207-820m5-mrxeumetmdqef1.jpg","Achadinhos Shopee • Papelaria Fofa & K-Pop","","✨ Kit Chaveiros Hollow Knight e Hornet | Chaveiro Geek Game... ✨ Por apenas R$ 27,97! Compre com cupom de desconto e frete grátis direto na Shopee Oficial.","https://s.shopee.com.br/2BFAZGAg5R","","sanrio, kuromi, hello kitty, moda alternativa, e-girl, achadinhos shopee, presentes, aesthetic, comprinhas"
"Kit Chaveiros Signos do Zodíaco MDF Geek Colecionável Gee... (Achadinhos da Pyxie)","https://down-br.img.susercontent.com/file/br-11134207-820l6-msfkb354fyf96a.jpg","Achadinhos Shopee • Papelaria Fofa & K-Pop","","✨ Kit Chaveiros Signos do Zodíaco MDF Geek Colecionável Gee... ✨ Por apenas R$ 12,90! Compre com cupom de desconto e frete grátis direto na Shopee Oficial.","https://s.shopee.com.br/2LYalZA2kU","","sanrio, kuromi, hello kitty, moda alternativa, e-girl, achadinhos shopee, presentes, aesthetic, comprinhas"
"Chaveiro Uma Face e Dupla Face HAIKYU - ANIME, DESENHO, G... (Achadinhos da Pyxie)","https://down-br.img.susercontent.com/file/br-11134207-7r98o-m3w0kkj0opx143.jpg","Achadinhos Shopee • Papelaria Fofa & K-Pop","","✨ Chaveiro Uma Face e Dupla Face HAIKYU - ANIME, DESENHO, G... ✨ Por apenas R$ 12,00! Compre com cupom de desconto e frete grátis direto na Shopee Oficial.","https://s.shopee.com.br/2Vs0xs9PPX","","sanrio, kuromi, hello kitty, moda alternativa, e-girl, achadinhos shopee, presentes, aesthetic, comprinhas"
"TOPTOY Sanrio Série Personagens Sanrio Gato da Fortuna da... (Achadinhos da Pyxie)","https://down-br.img.susercontent.com/file/sg-11134301-822wz-mo4xnlv72cqp27.jpg","Achadinhos Shopee • Sanrio & Hello Kitty","","✨ TOPTOY Sanrio Série Personagens Sanrio Gato da Fortuna da... ✨ Por apenas R$ 85,43! Compre com cupom de desconto e frete grátis direto na Shopee Oficial.","https://s.shopee.com.br/1Lg3ZjDqmK","","sanrio, kuromi, hello kitty, moda alternativa, e-girl, achadinhos shopee, presentes, aesthetic, comprinhas"
"TOPTOY Sanrio Kuromi no Ofurô Mistério Caixa Surpresa de ... (Achadinhos da Pyxie)","https://down-br.img.susercontent.com/file/sg-11134201-823qq-mp7yqtpunnd8d1.jpg","Achadinhos Shopee • Sanrio & Hello Kitty","","✨ TOPTOY Sanrio Kuromi no Ofurô Mistério Caixa Surpresa de ... ✨ Por apenas R$ 67,76! Compre com cupom de desconto e frete grátis direto na Shopee Oficial.","https://s.shopee.com.br/1VzTm2DDRN","","sanrio, kuromi, hello kitty, moda alternativa, e-girl, achadinhos shopee, presentes, aesthetic, comprinhas"
"Chubby sanrio limitado japão sanrio personagem mini bola ... (Achadinhos da Pyxie)","https://down-br.img.susercontent.com/file/sg-11134201-8258i-mt7yve0nfdaf89.jpg","Achadinhos Shopee • Sanrio & Hello Kitty","","✨ Chubby sanrio limitado japão sanrio personagem mini bola ... ✨ Por apenas R$ 55,43! Compre com cupom de desconto e frete grátis direto na Shopee Oficial.","https://s.shopee.com.br/1gItyLCa6Q","","sanrio, kuromi, hello kitty, moda alternativa, e-girl, achadinhos shopee, presentes, aesthetic, comprinhas"
"Bonecos Hello Kitty and Friends Com Caixa Expositora 7 Cm... (Achadinhos da Pyxie)","https://down-br.img.susercontent.com/file/br-11134207-81z1k-mh5m4jb0krgk00.jpg","Achadinhos Shopee • Sanrio & Hello Kitty","","✨ Bonecos Hello Kitty and Friends Com Caixa Expositora 7 Cm... ✨ Por apenas R$ 38,19! Compre com cupom de desconto e frete grátis direto na Shopee Oficial.","https://s.shopee.com.br/1qcKAeBwlT","","sanrio, kuromi, hello kitty, moda alternativa, e-girl, achadinhos shopee, presentes, aesthetic, comprinhas"
"W versão ampla sanrio it ilha raposa série de vinil caixa... (Achadinhos da Pyxie)","https://down-br.img.susercontent.com/file/sg-11134201-825b0-mtcclyolfk064e.jpg","Achadinhos Shopee • Sanrio & Hello Kitty","","✨ W versão ampla sanrio it ilha raposa série de vinil caixa... ✨ Por apenas R$ 157,16! Compre com cupom de desconto e frete grátis direto na Shopee Oficial.","https://s.shopee.com.br/3LR7xP6Eim","","sanrio, kuromi, hello kitty, moda alternativa, e-girl, achadinhos shopee, presentes, aesthetic, comprinhas"
"Bonecos Colecionáveis Pop Hello Kitty, Sanrio, Figuras An... (Achadinhos da Pyxie)","https://down-br.img.susercontent.com/file/br-11134201-81ztc-mjg8hat4e41t09.jpg","Achadinhos Shopee • Sanrio & Hello Kitty","","✨ Bonecos Colecionáveis Pop Hello Kitty, Sanrio, Figuras An... ✨ Por apenas R$ 39,90! Compre com cupom de desconto e frete grátis direto na Shopee Oficial.","https://s.shopee.com.br/3VkY9i5bNp","","sanrio, kuromi, hello kitty, moda alternativa, e-girl, achadinhos shopee, presentes, aesthetic, comprinhas"
"Balanço Sanrio com bonecos Cinnamoroll, My Melody, Pompom... (Achadinhos da Pyxie)","https://down-br.img.susercontent.com/file/br-11134201-820mg-mrpthvht9dzaf6.jpg","Achadinhos Shopee • Sanrio & Hello Kitty","","✨ Balanço Sanrio com bonecos Cinnamoroll, My Melody, Pompom... ✨ Por apenas R$ 79,32! Compre com cupom de desconto e frete grátis direto na Shopee Oficial.","https://s.shopee.com.br/3g3yM14y2s","","sanrio, kuromi, hello kitty, moda alternativa, e-girl, achadinhos shopee, presentes, aesthetic, comprinhas"
"ALMOFADA COM MANTA HELLO KITTY OFICIAL SANRIO CAMA (Achadinhos da Pyxie)","https://down-br.img.susercontent.com/file/br-11134207-7r98o-lw7l98ec6oj9f1.jpg","Achadinhos Shopee • Sanrio & Hello Kitty","","✨ ALMOFADA COM MANTA HELLO KITTY OFICIAL SANRIO CAMA ✨ Por apenas R$ 179,90! Compre com cupom de desconto e frete grátis direto na Shopee Oficial.","https://s.shopee.com.br/3qNOYK4Khv","","sanrio, kuromi, hello kitty, moda alternativa, e-girl, achadinhos shopee, presentes, aesthetic, comprinhas"
"Bombas de banho com personagens da Sanrio (Achadinhos da Pyxie)","https://down-br.img.susercontent.com/file/br-11134207-820lh-mrshx86teayu21.jpg","Achadinhos Shopee • Sanrio & Hello Kitty","","✨ Bombas de banho com personagens da Sanrio ✨ Por apenas R$ 28,00! Compre com cupom de desconto e frete grátis direto na Shopee Oficial.","https://s.shopee.com.br/2gBRAB8m4i","","sanrio, kuromi, hello kitty, moda alternativa, e-girl, achadinhos shopee, presentes, aesthetic, comprinhas"
"Camiseta ALGODÃO preta Sanrio Kuromi Hello Kitty Melody C... (Achadinhos da Pyxie)","https://down-br.img.susercontent.com/file/sg-11134201-7rdwn-mcedrobytztd55.jpg","Achadinhos Shopee • Sanrio & Hello Kitty","","✨ Camiseta ALGODÃO preta Sanrio Kuromi Hello Kitty Melody C... ✨ Por apenas R$ 44,89! Compre com cupom de desconto e frete grátis direto na Shopee Oficial.","https://s.shopee.com.br/2qUrMU88jl","","sanrio, kuromi, hello kitty, moda alternativa, e-girl, achadinhos shopee, presentes, aesthetic, comprinhas"
"Camiseta Moderna Sanrio Feminina Girl 100% Algodão Person... (Achadinhos da Pyxie)","https://down-br.img.susercontent.com/file/br-11134207-81z1k-mebs7bkg80ea4d.jpg","Achadinhos Shopee • Sanrio & Hello Kitty","","✨ Camiseta Moderna Sanrio Feminina Girl 100% Algodão Person... ✨ Por apenas R$ 26,04! Compre com cupom de desconto e frete grátis direto na Shopee Oficial.","https://s.shopee.com.br/30oHYn7VOo","","sanrio, kuromi, hello kitty, moda alternativa, e-girl, achadinhos shopee, presentes, aesthetic, comprinhas"
"Camiseta Casual Sanrio Feminina Voando Woman Girls 100% A... (Achadinhos da Pyxie)","https://down-br.img.susercontent.com/file/br-11134207-81z1k-mebtyyrpk6ptf6.jpg","Achadinhos Shopee • Sanrio & Hello Kitty","","✨ Camiseta Casual Sanrio Feminina Voando Woman Girls 100% A... ✨ Por apenas R$ 26,04! Compre com cupom de desconto e frete grátis direto na Shopee Oficial.","https://s.shopee.com.br/3B7hl66s3r","","sanrio, kuromi, hello kitty, moda alternativa, e-girl, achadinhos shopee, presentes, aesthetic, comprinhas"
"Camiseta T-shirt Feminina Girls Sanrio Coleção Cinnamonro... (Achadinhos da Pyxie)","https://down-br.img.susercontent.com/file/br-11134207-81z1k-mebtyyrp4qgxf9.jpg","Achadinhos Shopee • Sanrio & Hello Kitty","","✨ Camiseta T-shirt Feminina Girls Sanrio Coleção Cinnamonro... ✨ Por apenas R$ 26,04! Compre com cupom de desconto e frete grátis direto na Shopee Oficial.","https://s.shopee.com.br/4fwVXr1A1A","","sanrio, kuromi, hello kitty, moda alternativa, e-girl, achadinhos shopee, presentes, aesthetic, comprinhas"
"MINISO  sanrio volta às aulas série - adorável hello kitt... (Achadinhos da Pyxie)","https://down-br.img.susercontent.com/file/sg-11134201-81zuq-mie64ql6wk5c8d.jpg","Achadinhos Shopee • Sanrio & Hello Kitty","","✨ MINISO  sanrio volta às aulas série - adorável hello kitt... ✨ Por apenas R$ 57,44! Compre com cupom de desconto e frete grátis direto na Shopee Oficial.","https://s.shopee.com.br/4qFvkA0WgD","","sanrio, kuromi, hello kitty, moda alternativa, e-girl, achadinhos shopee, presentes, aesthetic, comprinhas"
"MINISO  sanrio “fantasy paradise” série - kuromi sonhador... (Achadinhos da Pyxie)","https://down-br.img.susercontent.com/file/sg-11134201-81zvo-mie5rtq4d0jn0c.jpg","Achadinhos Shopee • Sanrio & Hello Kitty","","✨ MINISO  sanrio “fantasy paradise” série - kuromi sonhador... ✨ Por apenas R$ 82,52! Compre com cupom de desconto e frete grátis direto na Shopee Oficial.","https://s.shopee.com.br/50ZLwSztLG","","sanrio, kuromi, hello kitty, moda alternativa, e-girl, achadinhos shopee, presentes, aesthetic, comprinhas"
"MINISO Personagem Sanrio Série Ilha da Raposa Pelúcia de ... (Achadinhos da Pyxie)","https://down-br.img.susercontent.com/file/sg-11134301-823rd-morq5x29ysy5e4.jpg","Achadinhos Shopee • Sanrio & Hello Kitty","","✨ MINISO Personagem Sanrio Série Ilha da Raposa Pelúcia de ... ✨ Por apenas R$ 122,30! Compre com cupom de desconto e frete grátis direto na Shopee Oficial.","https://s.shopee.com.br/5Asm8lzG0J","","sanrio, kuromi, hello kitty, moda alternativa, e-girl, achadinhos shopee, presentes, aesthetic, comprinhas"
"Camiseta Kpop Estampa Boys JungKook Jimin Jhope Teahyung (Achadinhos da Pyxie)","https://down-br.img.susercontent.com/file/br-11134207-81zu4-mkse4636p7gi79.jpg","Achadinhos Shopee • Moda Alternativa & E-Girl","","✨ Camiseta Kpop Estampa Boys JungKook Jimin Jhope Teahyung ✨ Por apenas R$ 35,96! Compre com cupom de desconto e frete grátis direto na Shopee Oficial.","https://s.shopee.com.br/40gokd3hN6","","sanrio, kuromi, hello kitty, moda alternativa, e-girl, achadinhos shopee, presentes, aesthetic, comprinhas"
"Camiseta BTS Bangtan Boys Army Kpop Algodão 100% Fio 30.1... (Achadinhos da Pyxie)","https://down-br.img.susercontent.com/file/sg-11134201-8259s-mresshy2kxdz9c.jpg","Achadinhos Shopee • Moda Alternativa & E-Girl","","✨ Camiseta BTS Bangtan Boys Army Kpop Algodão 100% Fio 30.1... ✨ Por apenas R$ 54,93! Compre com cupom de desconto e frete grátis direto na Shopee Oficial.","https://s.shopee.com.br/4B0Eww3429","","sanrio, kuromi, hello kitty, moda alternativa, e-girl, achadinhos shopee, presentes, aesthetic, comprinhas"
"Chaveiro Koya – KPOP Fofo Idol Coreano Kawaii Kpopper Col... (Achadinhos da Pyxie)","https://down-br.img.susercontent.com/file/br-11134207-820m2-mo0syrnmblkxf3.jpg","Achadinhos Shopee • Papelaria Fofa & K-Pop","","✨ Chaveiro Koya – KPOP Fofo Idol Coreano Kawaii Kpopper Col... ✨ Por apenas R$ 19,90! Compre com cupom de desconto e frete grátis direto na Shopee Oficial.","https://s.shopee.com.br/4LJf9F2QhC","","sanrio, kuromi, hello kitty, moda alternativa, e-girl, achadinhos shopee, presentes, aesthetic, comprinhas"
"Chaveiro Cosmic21 – KPOP Fofo Idol Coreano Kawaii Kpopper... (Achadinhos da Pyxie)","https://down-br.img.susercontent.com/file/br-11134207-81z1k-mgyb34zgzv2ff8.jpg","Achadinhos Shopee • Papelaria Fofa & K-Pop","","✨ Chaveiro Cosmic21 – KPOP Fofo Idol Coreano Kawaii Kpopper... ✨ Por apenas R$ 23,90! Compre com cupom de desconto e frete grátis direto na Shopee Oficial.","https://s.shopee.com.br/4Vd5LY1nMF","","sanrio, kuromi, hello kitty, moda alternativa, e-girl, achadinhos shopee, presentes, aesthetic, comprinhas"
"Chaveiro Cosmic21 – KPOP Fofo Idol Coreano Kawaii Kpopper... (Chaveiro & Pin) (Achadinhos da Pyxie)","https://down-br.img.susercontent.com/file/br-11134207-81z1k-mgyb34zgu8sn28.jpg","Achadinhos Shopee • Papelaria Fofa & K-Pop","","✨ Chaveiro Cosmic21 – KPOP Fofo Idol Coreano Kawaii Kpopper... (Chaveiro & Pin) ✨ Por apenas R$ 23,90! Compre com cupom de desconto e frete grátis direto na Shopee Oficial.","https://s.shopee.com.br/60Rt8Iw5JY","","sanrio, kuromi, hello kitty, moda alternativa, e-girl, achadinhos shopee, presentes, aesthetic, comprinhas"
"Chaveiro – KPOP Fofo Idol Coreano Kawaii Kpopper Colecion... (Achadinhos da Pyxie)","https://down-br.img.susercontent.com/file/br-11134207-81z1k-mflpr9hha03ke8.jpg","Achadinhos Shopee • Papelaria Fofa & K-Pop","","✨ Chaveiro – KPOP Fofo Idol Coreano Kawaii Kpopper Colecion... ✨ Por apenas R$ 36,99! Compre com cupom de desconto e frete grátis direto na Shopee Oficial.","https://s.shopee.com.br/6AlJKbvRyb","","sanrio, kuromi, hello kitty, moda alternativa, e-girl, achadinhos shopee, presentes, aesthetic, comprinhas"
"Mini Cartela de Adesivos Mini21 – KPOP Fofo Idol Coreano ... (Achadinhos da Pyxie)","https://down-br.img.susercontent.com/file/br-11134207-820lh-mnao3k1oy3uq21.jpg","Achadinhos Shopee • Papelaria Fofa & K-Pop","","✨ Mini Cartela de Adesivos Mini21 – KPOP Fofo Idol Coreano ... ✨ Por apenas R$ 3,99! Compre com cupom de desconto e frete grátis direto na Shopee Oficial.","https://s.shopee.com.br/6L4jWuuode","","sanrio, kuromi, hello kitty, moda alternativa, e-girl, achadinhos shopee, presentes, aesthetic, comprinhas"
"Mini Cartela de Adesivos Baby Cooky ✨ – KPOP Fofo Idol Co... (Achadinhos da Pyxie)","https://down-br.img.susercontent.com/file/br-11134207-820m2-mnc0jkeyhse8d4.jpg","Achadinhos Shopee • Papelaria Fofa & K-Pop","","✨ Mini Cartela de Adesivos Baby Cooky ✨ – KPOP Fofo Idol Co... ✨ Por apenas R$ 3,99! Compre com cupom de desconto e frete grátis direto na Shopee Oficial.","https://s.shopee.com.br/6VO9jDuBIh","","sanrio, kuromi, hello kitty, moda alternativa, e-girl, achadinhos shopee, presentes, aesthetic, comprinhas"
"Blocos de Anotações Mang (Coleção Baby21) – BTS Army JHop... (Achadinhos da Pyxie)","https://down-br.img.susercontent.com/file/br-11134207-820lu-mn9pdowmfcoyf0.jpg","Achadinhos Shopee • Papelaria Fofa & K-Pop","","✨ Blocos de Anotações Mang (Coleção Baby21) – BTS Army JHop... ✨ Por apenas R$ 10,90! Compre com cupom de desconto e frete grátis direto na Shopee Oficial.","https://s.shopee.com.br/5LCCL4ycfU","","sanrio, kuromi, hello kitty, moda alternativa, e-girl, achadinhos shopee, presentes, aesthetic, comprinhas"
"Blocos de Anotações Koya (Coleção Baby21) – BTS Army Namj... (Achadinhos da Pyxie)","https://down-br.img.susercontent.com/file/br-11134207-820lk-mn9pdowmdy4i2a.jpg","Achadinhos Shopee • Papelaria Fofa & K-Pop","","✨ Blocos de Anotações Koya (Coleção Baby21) – BTS Army Namj... ✨ Por apenas R$ 10,90! Compre com cupom de desconto e frete grátis direto na Shopee Oficial.","https://s.shopee.com.br/5VVcXNxzKX","","sanrio, kuromi, hello kitty, moda alternativa, e-girl, achadinhos shopee, presentes, aesthetic, comprinhas"
"Bottons Premium Baby Chimmy ✨– KPOP Fofo Idol Coreano Kaw... (Achadinhos da Pyxie)","https://down-br.img.susercontent.com/file/br-11134207-820m4-mnc0jkeyj6yoe2.jpg","Achadinhos Shopee • Papelaria Fofa & K-Pop","","✨ Bottons Premium Baby Chimmy ✨– KPOP Fofo Idol Coreano Kaw... ✨ Por apenas R$ 10,90! Compre com cupom de desconto e frete grátis direto na Shopee Oficial.","https://s.shopee.com.br/5fp2jgxLza","","sanrio, kuromi, hello kitty, moda alternativa, e-girl, achadinhos shopee, presentes, aesthetic, comprinhas"
"Chaveiro – KPOP Fofo Idol Coreano Kawaii Kpopper Colecion... (Chaveiro & Pin) (Achadinhos da Pyxie)","https://down-br.img.susercontent.com/file/br-11134207-7r98o-mcsag6b2y77lfd.jpg","Achadinhos Shopee • Papelaria Fofa & K-Pop","","✨ Chaveiro – KPOP Fofo Idol Coreano Kawaii Kpopper Colecion... (Chaveiro & Pin) ✨ Por apenas R$ 19,90! Compre com cupom de desconto e frete grátis direto na Shopee Oficial.","https://s.shopee.com.br/5q8Svzwied","","sanrio, kuromi, hello kitty, moda alternativa, e-girl, achadinhos shopee, presentes, aesthetic, comprinhas"
"Caderno Note Book Capybara Kawaii Fofo tamanho 12X18 (Achadinhos da Pyxie)","https://down-br.img.susercontent.com/file/br-11134207-7r98o-mcy38nicerk1d3.jpg","Achadinhos Shopee • Papelaria Fofa & K-Pop","","✨ Caderno Note Book Capybara Kawaii Fofo tamanho 12X18 ✨ Por apenas R$ 19,89! Compre com cupom de desconto e frete grátis direto na Shopee Oficial.","https://s.shopee.com.br/7KxGikr0bw","","sanrio, kuromi, hello kitty, moda alternativa, e-girl, achadinhos shopee, presentes, aesthetic, comprinhas"
"Camiseta Kawaii Moda Capybara Capivara Desenho Meme Poses... (Achadinhos da Pyxie)","https://down-br.img.susercontent.com/file/br-11134207-81z1k-mebs7bgal4hvc7.jpg","Achadinhos Shopee • Moda Alternativa & E-Girl","","✨ Camiseta Kawaii Moda Capybara Capivara Desenho Meme Poses... ✨ Por apenas R$ 25,51! Compre com cupom de desconto e frete grátis direto na Shopee Oficial.","https://s.shopee.com.br/7VGgv3qNGz","","sanrio, kuromi, hello kitty, moda alternativa, e-girl, achadinhos shopee, presentes, aesthetic, comprinhas"
"Camiseta Dracula Qualidade Algodão Unissex Lançamento Got... (Achadinhos da Pyxie)","https://down-br.img.susercontent.com/file/sg-11134201-8261r-mjhiugo1g6x100.jpg","Achadinhos Shopee • Moda Alternativa & E-Girl","","✨ Camiseta Dracula Qualidade Algodão Unissex Lançamento Got... ✨ Por apenas R$ 31,20! Compre com cupom de desconto e frete grátis direto na Shopee Oficial.","https://s.shopee.com.br/7fa77Mpjw2","","sanrio, kuromi, hello kitty, moda alternativa, e-girl, achadinhos shopee, presentes, aesthetic, comprinhas"
"Cropped Gótico Feminino, Estilo Alternativo, Goth, Gothic... (Achadinhos da Pyxie)","https://down-br.img.susercontent.com/file/br-11134207-7r98o-maiikasktbsp84.jpg","Achadinhos Shopee • Acessórios Goth & Punk","","✨ Cropped Gótico Feminino, Estilo Alternativo, Goth, Gothic... ✨ Por apenas R$ 49,00! Compre com cupom de desconto e frete grátis direto na Shopee Oficial.","https://s.shopee.com.br/7ptXJfp6b5","","sanrio, kuromi, hello kitty, moda alternativa, e-girl, achadinhos shopee, presentes, aesthetic, comprinhas"
"Colar de pérolas e espinho rebite estilo gótico punk rock... (Achadinhos da Pyxie)","https://down-br.img.susercontent.com/file/br-11134207-820l5-mp2q5nx8pi4j26.jpg","Achadinhos Shopee • Acessórios Goth & Punk","","✨ Colar de pérolas e espinho rebite estilo gótico punk rock... ✨ Por apenas R$ 44,99! Compre com cupom de desconto e frete grátis direto na Shopee Oficial.","https://s.shopee.com.br/6fhZvWtXxs","","sanrio, kuromi, hello kitty, moda alternativa, e-girl, achadinhos shopee, presentes, aesthetic, comprinhas"
"Colar Coffin egirl goth aesthetic (Achadinhos da Pyxie)","https://down-br.img.susercontent.com/file/5e1d29a08bd11f00827ea00264e5f886.jpg","Achadinhos Shopee • Acessórios Goth & Punk","","✨ Colar Coffin egirl goth aesthetic ✨ Por apenas R$ 30,00! Compre com cupom de desconto e frete grátis direto na Shopee Oficial.","https://s.shopee.com.br/6q107psucv","","sanrio, kuromi, hello kitty, moda alternativa, e-girl, achadinhos shopee, presentes, aesthetic, comprinhas"
"Punk Cravado Gargantilha Colar Para Mulheres Preto Couro ... (Achadinhos da Pyxie)","https://down-br.img.susercontent.com/file/sg-11134201-825b2-msi5pnkffjlx41.jpg","Achadinhos Shopee • Acessórios Goth & Punk","","✨ Punk Cravado Gargantilha Colar Para Mulheres Preto Couro ... ✨ Por apenas R$ 9,99! Compre com cupom de desconto e frete grátis direto na Shopee Oficial.","https://s.shopee.com.br/70KQK8sHHy","","sanrio, kuromi, hello kitty, moda alternativa, e-girl, achadinhos shopee, presentes, aesthetic, comprinhas"
"Halloween Cruz Couro Do Plutônio Gargantilha Colar Borbol... (Achadinhos da Pyxie)","https://down-br.img.susercontent.com/file/sg-11134201-8259w-mt3hr4b8xlopad.jpg","Achadinhos Shopee • Acessórios Goth & Punk","","✨ Halloween Cruz Couro Do Plutônio Gargantilha Colar Borbol... ✨ Por apenas R$ 26,99! Compre com cupom de desconto e frete grátis direto na Shopee Oficial.","https://s.shopee.com.br/7AdqWRrdx1","","sanrio, kuromi, hello kitty, moda alternativa, e-girl, achadinhos shopee, presentes, aesthetic, comprinhas"
"2 Pçs Luvas Sem Dedos De Couro Com Coração Gargantilha Co... (Achadinhos da Pyxie)","https://down-br.img.susercontent.com/file/sg-11134201-825a0-msxf9kua016qfb.jpg","Achadinhos Shopee • Acessórios Goth & Punk","","✨ 2 Pçs Luvas Sem Dedos De Couro Com Coração Gargantilha Co... ✨ Por apenas R$ 38,99! Compre com cupom de desconto e frete grátis direto na Shopee Oficial.","https://s.shopee.com.br/8fSeJClvuK","","sanrio, kuromi, hello kitty, moda alternativa, e-girl, achadinhos shopee, presentes, aesthetic, comprinhas"
"Camiseta Oversized Ambitious Y2K T-shirt Streetwear Uniss... (Achadinhos da Pyxie)","https://down-br.img.susercontent.com/file/br-11134207-820ll-mpmajseoeole07.jpg","Achadinhos Shopee • Moda Alternativa & E-Girl","","✨ Camiseta Oversized Ambitious Y2K T-shirt Streetwear Uniss... ✨ Por apenas R$ 49,72! Compre com cupom de desconto e frete grátis direto na Shopee Oficial.","https://s.shopee.com.br/8pm4VVlIZN","","sanrio, kuromi, hello kitty, moda alternativa, e-girl, achadinhos shopee, presentes, aesthetic, comprinhas"
"7 Peças Punk Goth Joias Emo Pulseiras Cinto Gargantilha P... (Achadinhos da Pyxie)","https://down-br.img.susercontent.com/file/sg-11134201-825av-mt3hnafduoea9a.jpg","Achadinhos Shopee • Acessórios Goth & Punk","","✨ 7 Peças Punk Goth Joias Emo Pulseiras Cinto Gargantilha P... ✨ Por apenas R$ 68,99! Compre com cupom de desconto e frete grátis direto na Shopee Oficial.","https://s.shopee.com.br/905UhokfEQ","","sanrio, kuromi, hello kitty, moda alternativa, e-girl, achadinhos shopee, presentes, aesthetic, comprinhas"
"Crânio Gótico Corrente Carteira De Couro Punk Bifold Hall... (Achadinhos da Pyxie)","https://down-br.img.susercontent.com/file/sg-11134201-825al-mr9iaglcsu8006.jpg","Achadinhos Shopee • Acessórios Goth & Punk","","✨ Crânio Gótico Corrente Carteira De Couro Punk Bifold Hall... ✨ Por apenas R$ 99,99! Compre com cupom de desconto e frete grátis direto na Shopee Oficial.","https://s.shopee.com.br/9AOuu7k1tT","","sanrio, kuromi, hello kitty, moda alternativa, e-girl, achadinhos shopee, presentes, aesthetic, comprinhas"
"Óculos De Sol Punk Spike Goth Rock Com Rebites Longos Exc... (Achadinhos da Pyxie)","https://down-br.img.susercontent.com/file/sg-11134201-82594-mri1j9b1ibk45e.jpg","Achadinhos Shopee • Acessórios Goth & Punk","","✨ Óculos De Sol Punk Spike Goth Rock Com Rebites Longos Exc... ✨ Por apenas R$ 37,99! Compre com cupom de desconto e frete grátis direto na Shopee Oficial.","https://s.shopee.com.br/80CxVyoTGG","","sanrio, kuromi, hello kitty, moda alternativa, e-girl, achadinhos shopee, presentes, aesthetic, comprinhas"
"Camiseta Unissex ""Goth Darkness"" (Achadinhos da Pyxie)","https://down-br.img.susercontent.com/file/sg-11134201-7rfgd-m99nrugnc6g73f.jpg","Achadinhos Shopee • Acessórios Goth & Punk","","✨ Camiseta Unissex ""Goth Darkness"" ✨ Por apenas R$ 79,90! Compre com cupom de desconto e frete grátis direto na Shopee Oficial.","https://s.shopee.com.br/8AWNiHnpvJ","","sanrio, kuromi, hello kitty, moda alternativa, e-girl, achadinhos shopee, presentes, aesthetic, comprinhas"
"Baby Tee Hello Kitty Strass feminina | Goth, alternativo,... (Achadinhos da Pyxie)","https://down-br.img.susercontent.com/file/br-11134207-820l7-mr3s1psfaz9i75.jpg","Achadinhos Shopee • Sanrio & Hello Kitty","","✨ Baby Tee Hello Kitty Strass feminina | Goth, alternativo,... ✨ Por apenas R$ 42,00! Compre com cupom de desconto e frete grátis direto na Shopee Oficial.","https://s.shopee.com.br/8KpnuanCaM","","sanrio, kuromi, hello kitty, moda alternativa, e-girl, achadinhos shopee, presentes, aesthetic, comprinhas"
"Blusa Y2k Feminina Grunge Goth Alternativo de cruz Punk E... (Achadinhos da Pyxie)","https://down-br.img.susercontent.com/file/br-11134207-820m2-mlfom2ugbe2sd5.jpg","Achadinhos Shopee • Acessórios Goth & Punk","","✨ Blusa Y2k Feminina Grunge Goth Alternativo de cruz Punk E... ✨ Por apenas R$ 58,00! Compre com cupom de desconto e frete grátis direto na Shopee Oficial.","https://s.shopee.com.br/8V9E6tmZFP","","sanrio, kuromi, hello kitty, moda alternativa, e-girl, achadinhos shopee, presentes, aesthetic, comprinhas"
"choker whimsical goth (Achadinhos da Pyxie)","https://down-br.img.susercontent.com/file/br-11134207-7r98o-lwekwuv836aaa4.jpg","Achadinhos Shopee • Acessórios Goth & Punk","","✨ choker whimsical goth ✨ Por apenas R$ 41,00! Compre com cupom de desconto e frete grátis direto na Shopee Oficial.","https://s.shopee.com.br/9zy1tegrCi","","sanrio, kuromi, hello kitty, moda alternativa, e-girl, achadinhos shopee, presentes, aesthetic, comprinhas"
"Calças Femininas de Perna Larga Estilo Mall Goth Cross Ha... (Achadinhos da Pyxie)","https://down-br.img.susercontent.com/file/sg-11134201-825a6-mrrg7rovng1zd8.jpg","Achadinhos Shopee • Acessórios Goth & Punk","","✨ Calças Femininas de Perna Larga Estilo Mall Goth Cross Ha... ✨ Por apenas R$ 83,12! Compre com cupom de desconto e frete grátis direto na Shopee Oficial.","https://s.shopee.com.br/AAHS5xgDrl","","sanrio, kuromi, hello kitty, moda alternativa, e-girl, achadinhos shopee, presentes, aesthetic, comprinhas"
"Camiseta Melanie Martinez Portais Cogumelo Rosa Fada Ilus... (Achadinhos da Pyxie)","https://down-br.img.susercontent.com/file/sg-11134201-825ac-mqpwcszwav4ea9.jpg","Achadinhos Shopee • Moda Alternativa & E-Girl","","✨ Camiseta Melanie Martinez Portais Cogumelo Rosa Fada Ilus... ✨ Por apenas R$ 43,98! Compre com cupom de desconto e frete grátis direto na Shopee Oficial.","https://s.shopee.com.br/AKasIGfaWo","","sanrio, kuromi, hello kitty, moda alternativa, e-girl, achadinhos shopee, presentes, aesthetic, comprinhas"
"Misscheering Nail Enhancement Extreme Black Crystal Cat E... (Achadinhos da Pyxie)","https://down-br.img.susercontent.com/file/sg-11134201-825bc-mtgc05931hxhd7.jpg","Pyxie • Achadinhos Sanrio & Moda Alternativa","","✨ Misscheering Nail Enhancement Extreme Black Crystal Cat E... ✨ Por apenas R$ 19,00! Compre com cupom de desconto e frete grátis direto na Shopee Oficial.","https://s.shopee.com.br/AUuIUZexBr","","sanrio, kuromi, hello kitty, moda alternativa, e-girl, achadinhos shopee, presentes, aesthetic, comprinhas"
"100 Pcs Glow the Dark Mini Turtle Figurines Resin Turtles... (Achadinhos da Pyxie)","https://down-br.img.susercontent.com/file/sg-11134201-8259q-msewm6mqypkxc0.jpg","Pyxie • Achadinhos Sanrio & Moda Alternativa","","✨ 100 Pcs Glow the Dark Mini Turtle Figurines Resin Turtles... ✨ Por apenas R$ 37,02! Compre com cupom de desconto e frete grátis direto na Shopee Oficial.","https://s.shopee.com.br/9KiL6QjOYe","","sanrio, kuromi, hello kitty, moda alternativa, e-girl, achadinhos shopee, presentes, aesthetic, comprinhas"